Model,Trim,Color,Year,WholesaleDate,SaleDate,MSRP,SalePrice,Region,Dealer,VIN
Prius,Limited,Black,2018,2020-02-29,2021-01-22,24798,26696,South,Dealer_3,JT778346
Corolla,Limited,Green,2013,2023-06-11,2023-11-11,47504,24775,South,Dealer_31,JT138801
Corolla,XSE,Gray,2020,2021-02-08,2021-08-30,22032,25510,South,Dealer_47,JT311802
Prius,XSE,Black,2013,2022-03-18,2022-07-09,42629,24644,East,Dealer_50,JT267099
RAV4,XSE,Blue,2010,2023-04-27,2023-12-11,45701,45359,West,Dealer_33,JT385959
Camry,Base,White,2011,2020-04-27,2021-01-06,29671,26182,South,Dealer_3,JT243057
Camry,Limited,Red,2016,2021-09-02,2022-03-07,26684,45405,North,Dealer_28,JT130557
Camry,XLE,White,2015,2020-01-10,2020-09-04,44693,38270,West,Dealer_34,JT370948
Prius,XLE,White,2021,2019-06-11,2020-05-05,37733,29666,North,Dealer_26,JT928028
Corolla,SE,Gray,2017,2021-03-15,2021-03-19,21058,23111,East,Dealer_31,JT942570
Prius,LE,Black,2011,2021-02-25,2022-01-12,31753,43524,South,Dealer_45,JT391265
Prius,XLE,Green,2020,2021-07-24,2022-04-14,46674,21495,North,Dealer_7,JT790666
Tacoma,XSE,Black,2022,2019-03-13,2020-02-23,34830,21928,East,Dealer_29,JT677457
Corolla,SE,Silver,2012,2020-05-08,2021-01-31,23358,20571,South,Dealer_32,JT284533
Tacoma,XSE,Red,2010,2022-03-15,2022-09-20,40188,40145,East,Dealer_16,JT775591
Highlander,Limited,Black,2018,2020-07-27,2021-03-27,48443,39739,North,Dealer_6,JT993933
Corolla,Limited,Silver,2012,2023-01-04,2023-06-28,42135,34143,West,Dealer_36,JT144283
Corolla,Base,Red,2016,2021-01-17,2021-08-17,44231,38113,North,Dealer_49,JT857568
Corolla,XSE,Black,2020,2022-01-19,2022-10-19,38411,18217,North,Dealer_1,JT609442
Camry,XLE,White,2017,2021-10-29,2022-06-24,48339,43042,West,Dealer_45,JT920231
Camry,LE,White,2017,2019-10-29,2020-06-19,27350,46085,East,Dealer_47,JT120875
Tacoma,XSE,Red,2020,2019-09-04,2020-08-21,44327,35743,East,Dealer_27,JT158014
Tacoma,XLE,Red,2013,2020-08-21,2021-07-04,41204,19384,North,Dealer_14,JT188006
Corolla,SE,Black,2022,2021-06-21,2021-07-08,38391,45787,North,Dealer_9,JT429153
Tacoma,XSE,Green,2014,2019-12-21,2020-12-01,32743,33803,East,Dealer_23,JT730823
Camry,SE,Black,2015,2019-12-09,2020-11-15,27785,30163,West,Dealer_19,JT412453
Prius,XLE,Red,2014,2020-03-09,2021-02-09,36741,38338,South,Dealer_16,JT166670
Prius,XLE,Gray,2020,2023-07-14,2023-08-01,45700,28335,West,Dealer_42,JT526777
Prius,XLE,Green,2010,2020-01-30,2020-12-01,46110,34133,North,Dealer_6,JT481088
Tacoma,XLE,Green,2022,2019-09-16,2020-08-13,46175,47429,East,Dealer_2,JT804299
Highlander,Limited,Red,2011,2019-03-29,2020-03-21,42810,46868,West,Dealer_31,JT789365
Camry,Base,Silver,2020,2021-05-17,2022-01-22,29425,47392,North,Dealer_43,JT194693
Highlander,XLE,Silver,2019,2019-06-10,2020-05-11,42706,36825,South,Dealer_20,JT516174
Tacoma,Limited,Silver,2013,2022-10-31,2023-04-17,41774,46467,South,Dealer_11,JT980605
RAV4,LE,White,2018,2020-08-21,2021-06-10,21539,27002,West,Dealer_46,JT859414
4Runner,Limited,White,2021,2020-02-18,2021-01-15,32503,34082,North,Dealer_30,JT983687
4Runner,SE,Silver,2021,2021-12-21,2022-10-17,32699,23992,North,Dealer_37,JT247388
Corolla,LE,Silver,2023,2022-07-08,2022-07-26,33650,43043,South,Dealer_48,JT347507
4Runner,SE,Green,2010,2019-10-30,2020-09-26,45824,34748,East,Dealer_38,JT217369
4Runner,Base,Gray,2012,2020-12-19,2021-11-14,42450,27183,East,Dealer_2,JT698708
Camry,XSE,Red,2016,2022-05-03,2023-01-21,30245,31037,West,Dealer_30,JT870158
Prius,XSE,White,2023,2020-06-12,2021-04-29,38092,25277,West,Dealer_30,JT624548
Highlander,Limited,Green,2012,2020-10-16,2021-09-01,21762,42581,South,Dealer_50,JT226502
RAV4,SE,Silver,2010,2023-01-29,2023-06-12,20424,36896,North,Dealer_9,JT647312
RAV4,Base,Gray,2023,2023-04-23,2023-07-12,44368,22202,East,Dealer_46,JT796482
Camry,XSE,Blue,2016,2019-05-18,2019-12-05,28235,19774,East,Dealer_26,JT969250
Camry,Base,Black,2022,2019-06-28,2020-05-06,26654,35227,East,Dealer_12,JT708614
4Runner,Base,Silver,2017,2020-10-01,2021-03-05,40334,44190,East,Dealer_24,JT912767
RAV4,XSE,White,2012,2021-10-03,2022-02-13,48470,31866,South,Dealer_41,JT650775
Corolla,XSE,Silver,2021,2020-08-29,2021-03-24,45589,33673,East,Dealer_30,JT364039
Corolla,LE,Blue,2023,2021-05-03,2022-02-04,48195,35719,North,Dealer_46,JT620566
Highlander,LE,Red,2014,2020-10-29,2021-09-17,48512,19067,East,Dealer_41,JT194632
Corolla,XLE,White,2010,2020-08-27,2021-06-11,34518,34465,West,Dealer_1,JT349641
RAV4,SE,Red,2010,2020-07-19,2021-01-09,47196,29379,North,Dealer_41,JT728958
4Runner,XSE,Green,2014,2021-11-30,2022-02-03,27390,30901,East,Dealer_5,JT228216
RAV4,Base,Green,2019,2021-07-27,2022-05-05,49867,46193,South,Dealer_25,JT910749
Tacoma,SE,Black,2019,2020-10-16,2021-07-27,40767,40489,South,Dealer_45,JT945872
RAV4,XLE,Gray,2011,2019-01-26,2020-01-08,43089,43424,East,Dealer_22,JT428634
4Runner,Base,Red,2015,2022-03-06,2022-10-17,43250,23727,West,Dealer_34,JT445281
Corolla,Limited,Silver,2014,2022-05-06,2022-12-05,41221,32981,South,Dealer_3,JT972765
Prius,XLE,Gray,2017,2022-06-30,2023-05-06,32050,21944,North,Dealer_19,JT712710
Highlander,XSE,Blue,2020,2020-10-09,2021-07-14,44743,40880,West,Dealer_28,JT873048
Tacoma,Limited,Red,2018,2021-12-06,2022-07-30,39280,34980,South,Dealer_49,JT508892
Corolla,Limited,Blue,2018,2022-02-24,2022-10-07,37911,33075,West,Dealer_18,JT944986
Highlander,XLE,Gray,2017,2021-05-09,2021-11-11,44197,28343,South,Dealer_45,JT884727
Corolla,XSE,White,2012,2019-08-19,2020-05-03,39771,40584,South,Dealer_40,JT880097
Tacoma,Base,White,2023,2021-04-28,2022-01-10,26437,18275,West,Dealer_35,JT347399
RAV4,Limited,Silver,2018,2019-11-03,2020-10-08,45432,18387,East,Dealer_37,JT543410
4Runner,XLE,Silver,2017,2019-10-31,2020-08-17,43753,40089,East,Dealer_14,JT328598
Prius,XLE,Silver,2014,2022-03-06,2023-01-13,26340,24905,West,Dealer_44,JT251286
Tacoma,Base,Blue,2013,2022-04-19,2022-12-16,29639,30433,South,Dealer_6,JT212002
4Runner,XSE,Black,2022,2020-12-20,2021-08-14,34706,37038,South,Dealer_40,JT283662
RAV4,XLE,Black,2011,2023-02-10,2023-04-03,25813,21301,South,Dealer_22,JT324509
Tacoma,XLE,Black,2015,2019-07-25,2020-04-01,42369,28663,South,Dealer_48,JT387883
Camry,XLE,White,2012,2019-08-05,2020-05-19,22440,29848,South,Dealer_4,JT560823
Prius,SE,White,2021,2021-08-14,2022-02-26,26126,38079,East,Dealer_33,JT528212
Corolla,LE,Green,2017,2020-10-14,2021-08-25,25694,46240,South,Dealer_44,JT366659
Corolla,Base,Black,2020,2019-07-26,2020-04-22,44087,26509,West,Dealer_24,JT718115
Prius,SE,Gray,2014,2021-10-06,2022-08-02,36837,24132,South,Dealer_4,JT158642
Camry,XLE,Silver,2021,2020-08-08,2021-07-26,23910,35975,South,Dealer_8,JT614178
4Runner,LE,Red,2012,2023-06-22,2023-11-12,32360,26613,East,Dealer_25,JT659383
RAV4,Base,Green,2010,2020-04-19,2021-02-24,21331,25770,North,Dealer_24,JT492906
Corolla,Limited,Gray,2021,2022-01-05,2022-12-22,34041,26827,North,Dealer_30,JT833602
4Runner,Base,Gray,2015,2020-01-20,2020-12-05,29145,33445,South,Dealer_40,JT218448
Camry,SE,Black,2022,2022-09-19,2023-04-27,38238,38089,East,Dealer_3,JT431863
4Runner,SE,Red,2014,2020-10-06,2021-04-21,28658,29242,South,Dealer_24,JT672255
Corolla,SE,Black,2019,2020-06-24,2021-02-03,24262,29990,North,Dealer_24,JT544366
Highlander,Base,Red,2020,2021-02-23,2021-08-26,25273,24026,East,Dealer_12,JT597920
RAV4,XSE,Silver,2022,2022-09-03,2023-02-24,39136,34343,West,Dealer_42,JT815903
Highlander,XLE,Gray,2013,2021-09-21,2022-04-12,47722,31891,West,Dealer_36,JT358313
Prius,Base,White,2012,2022-03-17,2022-12-08,28356,24898,East,Dealer_46,JT391224
4Runner,Limited,Black,2019,2022-06-01,2022-10-10,20184,31732,West,Dealer_5,JT922370
RAV4,Limited,Black,2023,2021-08-26,2022-04-17,30831,40960,East,Dealer_36,JT251950
Camry,Limited,Gray,2020,2019-03-18,2020-02-19,35280,42647,South,Dealer_46,JT480631
RAV4,XLE,Green,2016,2019-12-19,2020-11-23,43255,30199,South,Dealer_50,JT598306
RAV4,LE,Gray,2023,2020-07-18,2021-06-09,25072,29962,North,Dealer_14,JT850435
Camry,SE,Silver,2016,2021-04-05,2022-03-02,21308,45994,South,Dealer_9,JT485602
Prius,XLE,Green,2018,2019-10-22,2020-09-13,25036,31126,South,Dealer_22,JT961264
RAV4,SE,Blue,2015,2022-06-20,2022-09-27,30571,27162,North,Dealer_16,JT423141
Prius,XLE,Black,2011,2020-12-08,2021-09-04,39558,32769,East,Dealer_35,JT122097
Prius,SE,Red,2016,2020-06-18,2021-04-01,21666,23894,South,Dealer_8,JT776748
Prius,XLE,Silver,2020,2022-11-21,2023-03-03,45351,36723,South,Dealer_42,JT735242
Corolla,LE,Gray,2011,2020-03-04,2020-09-17,40492,22297,South,Dealer_31,JT136500
Tacoma,Base,Blue,2012,2019-03-21,2019-11-22,40172,36870,North,Dealer_48,JT982348
Prius,Limited,Black,2012,2021-03-21,2021-08-21,47628,40479,East,Dealer_49,JT875369
Camry,SE,Black,2017,2020-03-07,2021-02-18,41688,25489,North,Dealer_38,JT794391
Tacoma,XLE,Gray,2015,2021-07-16,2022-05-03,29868,44679,West,Dealer_45,JT937750
Prius,LE,Gray,2013,2020-11-09,2021-04-05,36074,21272,South,Dealer_14,JT157328
Camry,LE,Gray,2010,2022-11-15,2023-01-06,45883,41619,West,Dealer_49,JT824233
Camry,Limited,White,2014,2020-05-01,2020-12-22,38765,26845,East,Dealer_48,JT927119
Highlander,XLE,Blue,2016,2019-04-11,2020-02-10,38027,44348,South,Dealer_49,JT804222
Highlander,Base,Silver,2013,2022-07-25,2023-03-08,31733,25726,West,Dealer_15,JT351318
RAV4,SE,Gray,2017,2021-08-31,2022-06-02,22388,36197,West,Dealer_21,JT365271
Prius,Base,Red,2022,2020-07-04,2021-04-06,45691,32162,West,Dealer_23,JT679577
Prius,XSE,Black,2014,2021-02-01,2022-01-31,43189,46059,South,Dealer_18,JT503376
Tacoma,LE,Silver,2015,2019-02-11,2020-01-20,30415,30480,South,Dealer_33,JT424291
Camry,LE,White,2014,2020-08-19,2020-11-22,37216,24424,South,Dealer_44,JT769986
Prius,Limited,Gray,2019,2023-03-18,2023-08-02,27207,22779,South,Dealer_28,JT834649
RAV4,XLE,Green,2021,2020-08-21,2021-07-29,26025,44215,North,Dealer_18,JT480481
4Runner,XSE,Black,2019,2020-09-12,2021-07-02,37059,42200,West,Dealer_4,JT951706
4Runner,XSE,Green,2010,2020-09-28,2021-07-05,22234,22900,North,Dealer_5,JT818534
4Runner,XSE,Blue,2014,2020-07-28,2021-04-25,45764,33498,East,Dealer_24,JT227982
Corolla,XLE,Gray,2020,2023-01-15,2023-09-23,36552,44400,West,Dealer_23,JT660894
Camry,SE,Gray,2015,2020-03-26,2020-12-29,25222,18319,South,Dealer_29,JT347864
4Runner,LE,Green,2021,2022-06-22,2023-02-22,33629,23787,South,Dealer_32,JT999308
Corolla,XLE,Gray,2013,2022-11-26,2023-01-23,37795,31812,South,Dealer_33,JT563892
4Runner,XSE,Gray,2010,2021-03-23,2022-01-12,37597,34370,North,Dealer_34,JT507341
RAV4,LE,Silver,2020,2019-07-21,2020-06-30,33219,22406,South,Dealer_8,JT108248
Highlander,LE,Red,2011,2020-07-28,2021-05-25,23012,47270,West,Dealer_31,JT512064
RAV4,XSE,Gray,2017,2020-04-11,2021-02-14,31449,45832,West,Dealer_46,JT367946
Corolla,XSE,Gray,2014,2019-10-03,2020-07-27,27248,38665,East,Dealer_35,JT415504
Camry,LE,White,2012,2020-09-07,2021-09-01,48947,34941,West,Dealer_44,JT194634
Tacoma,Limited,Silver,2016,2020-03-07,2021-03-06,26991,35497,South,Dealer_35,JT962671
Prius,Base,Black,2020,2021-06-26,2022-01-02,41736,41611,West,Dealer_19,JT893423
RAV4,Base,Red,2018,2021-06-22,2022-05-29,30875,28345,West,Dealer_29,JT346898
Camry,LE,Black,2021,2021-12-14,2022-10-17,30848,43733,North,Dealer_40,JT411870
Prius,SE,Black,2022,2020-06-27,2020-10-19,31822,33945,West,Dealer_24,JT320606
Highlander,SE,Blue,2014,2020-07-05,2021-06-27,29619,27831,East,Dealer_44,JT268010
Highlander,Limited,Blue,2021,2020-08-28,2021-06-20,27158,26223,West,Dealer_45,JT560163
Prius,XLE,Black,2011,2021-04-30,2021-05-03,44663,36420,North,Dealer_5,JT762021
Highlander,LE,Green,2020,2021-03-05,2021-10-13,40259,46131,North,Dealer_13,JT432591
Camry,SE,White,2014,2022-08-15,2023-04-19,37383,36606,West,Dealer_30,JT951703
RAV4,LE,Blue,2015,2019-07-02,2020-05-16,35560,19563,West,Dealer_6,JT903986
Camry,Limited,Blue,2019,2020-01-20,2021-01-04,38393,31054,North,Dealer_6,JT775733
Camry,XSE,Blue,2013,2021-06-23,2022-04-24,46990,21243,South,Dealer_26,JT526024
Prius,Limited,Blue,2013,2020-03-08,2020-12-29,44645,40627,West,Dealer_12,JT927659
Tacoma,Limited,Red,2012,2023-07-19,2023-08-15,41276,23352,North,Dealer_19,JT135527
Tacoma,Limited,Black,2017,2021-04-13,2021-11-03,20288,19967,West,Dealer_5,JT387348
RAV4,SE,Green,2012,2020-12-05,2021-09-02,23759,25060,North,Dealer_7,JT183985
Prius,Limited,Green,2017,2021-09-19,2022-08-02,41919,44667,South,Dealer_11,JT963185
Tacoma,XSE,Red,2021,2020-10-12,2021-08-10,31337,26332,East,Dealer_18,JT917319
Highlander,XSE,Silver,2019,2021-02-27,2021-11-23,34603,33615,West,Dealer_8,JT615576
Tacoma,XSE,Green,2015,2021-02-27,2022-01-22,27875,45491,West,Dealer_45,JT593975
Highlander,XLE,Silver,2016,2020-05-01,2021-02-04,49638,38639,East,Dealer_10,JT872739
RAV4,Limited,Green,2021,2023-03-13,2023-08-09,41045,21155,East,Dealer_32,JT533021
Camry,XSE,Gray,2018,2019-04-26,2020-03-14,40109,32740,West,Dealer_10,JT982023
Camry,XLE,Silver,2017,2021-11-21,2022-06-09,40353,42398,South,Dealer_14,JT448884
Tacoma,Limited,Red,2022,2021-07-29,2022-07-04,27989,28966,West,Dealer_34,JT852233
Highlander,Limited,Gray,2018,2019-11-22,2020-10-03,21306,26512,East,Dealer_41,JT542882
Corolla,LE,Black,2022,2019-05-15,2020-04-13,42365,29828,North,Dealer_2,JT960085
4Runner,Limited,Green,2020,2020-09-29,2020-12-10,49021,29806,South,Dealer_19,JT205272
Corolla,Base,Silver,2023,2021-10-24,2022-05-25,30516,36361,West,Dealer_27,JT964446
4Runner,LE,Blue,2013,2021-11-03,2022-07-17,32496,36267,West,Dealer_44,JT268132
Corolla,SE,Silver,2022,2021-04-06,2021-08-22,46090,44542,North,Dealer_35,JT832411
Camry,Base,White,2013,2019-10-05,2020-09-09,23715,26444,North,Dealer_9,JT373646
Prius,SE,Blue,2020,2023-03-18,2023-05-18,32644,29276,South,Dealer_31,JT630930
Camry,XLE,Blue,2022,2021-07-01,2022-04-04,28407,18649,South,Dealer_23,JT169591
4Runner,Base,Blue,2019,2021-12-09,2022-11-19,37702,31492,West,Dealer_27,JT468948
Prius,LE,Green,2023,2023-10-23,2023-12-06,43723,21972,West,Dealer_29,JT541314
Highlander,SE,Gray,2022,2020-07-14,2021-05-12,29267,29504,East,Dealer_48,JT731364
Tacoma,SE,Green,2011,2019-03-01,2019-12-18,20809,46421,West,Dealer_42,JT864654
Corolla,SE,Silver,2018,2019-12-22,2020-10-01,49862,40268,North,Dealer_2,JT952941
Highlander,Limited,Green,2017,2020-01-30,2020-05-01,36936,37843,South,Dealer_19,JT674334
Highlander,LE,Blue,2018,2021-07-21,2022-05-04,46938,24519,West,Dealer_13,JT873624
Tacoma,SE,Gray,2021,2023-09-02,2023-09-05,45247,36902,South,Dealer_5,JT442641
Highlander,LE,White,2015,2020-02-16,2020-09-16,32286,36870,West,Dealer_2,JT575279
Tacoma,XSE,Red,2011,2023-09-11,2023-12-07,36852,39294,North,Dealer_15,JT828980
RAV4,XSE,White,2019,2019-04-29,2020-01-13,46306,39270,East,Dealer_34,JT128679
Tacoma,Base,Black,2011,2020-05-25,2020-11-24,36670,35643,East,Dealer_42,JT898989
4Runner,Limited,Gray,2010,2019-03-09,2020-01-02,34600,23719,South,Dealer_22,JT154629
Corolla,XSE,Gray,2023,2021-07-23,2022-05-15,35951,43569,North,Dealer_27,JT772528
Prius,XLE,Blue,2018,2019-04-14,2020-02-15,21436,27326,North,Dealer_38,JT772758
Prius,LE,White,2018,2021-01-08,2021-05-21,29713,29636,North,Dealer_22,JT292664
Corolla,SE,Silver,2013,2022-12-14,2023-10-16,49434,28652,West,Dealer_42,JT760766
Prius,XLE,Black,2019,2020-02-12,2020-10-23,41349,40059,East,Dealer_42,JT564943
Tacoma,Base,Green,2018,2020-07-15,2021-04-10,26308,34726,North,Dealer_21,JT929443
4Runner,XLE,Gray,2012,2020-10-18,2021-01-24,30496,33974,West,Dealer_32,JT772240
RAV4,Base,Green,2012,2023-03-28,2023-08-14,36839,43386,South,Dealer_38,JT242703
4Runner,XSE,White,2015,2021-08-08,2022-07-29,22698,42134,West,Dealer_43,JT103225
Prius,LE,Blue,2023,2021-07-04,2021-10-31,23144,32645,West,Dealer_45,JT520124
RAV4,Base,Silver,2018,2021-03-23,2021-12-27,25485,47151,North,Dealer_34,JT309794
Corolla,SE,Blue,2017,2022-04-28,2022-07-25,45340,20569,South,Dealer_36,JT758816
RAV4,XLE,Black,2011,2019-09-11,2020-06-30,37628,30486,East,Dealer_29,JT420389
Highlander,Base,Green,2020,2022-07-14,2022-10-27,37472,38108,South,Dealer_30,JT428961
Camry,Limited,Green,2013,2019-03-04,2019-10-19,20240,27388,South,Dealer_20,JT703779
Highlander,Base,White,2021,2020-05-10,2021-02-26,40543,33196,South,Dealer_37,JT186226
Corolla,SE,Green,2019,2020-07-09,2021-02-01,22145,38699,South,Dealer_9,JT216211
Prius,XSE,Blue,2017,2021-09-28,2022-04-05,26906,22746,North,Dealer_20,JT265488
Prius,LE,Black,2011,2022-05-01,2022-11-21,41965,46451,West,Dealer_11,JT361728
RAV4,Limited,Gray,2018,2021-07-02,2021-07-23,40627,23491,East,Dealer_17,JT641448
Tacoma,SE,Silver,2017,2019-12-30,2020-12-20,45348,38990,East,Dealer_15,JT848226
4Runner,Base,White,2022,2022-01-25,2022-12-22,26985,44467,West,Dealer_31,JT904894
Camry,SE,White,2010,2021-08-29,2022-07-20,48342,29055,East,Dealer_24,JT970969
Tacoma,XLE,Green,2017,2022-04-16,2022-09-26,42459,31822,South,Dealer_19,JT780715
Corolla,SE,Black,2012,2021-11-01,2022-02-03,33900,38685,North,Dealer_50,JT900234
4Runner,LE,Green,2018,2020-12-17,2021-09-23,47383,38064,South,Dealer_4,JT236412
Prius,LE,White,2016,2020-01-06,2020-12-06,23405,36731,South,Dealer_10,JT988102
RAV4,SE,Silver,2017,2019-12-01,2020-07-09,26736,31263,North,Dealer_23,JT722871
4Runner,XLE,Silver,2019,2022-07-27,2023-02-18,37621,45816,East,Dealer_19,JT819064
Prius,Limited,White,2010,2020-06-13,2021-03-24,47156,47722,North,Dealer_30,JT530247
Tacoma,Base,Blue,2018,2023-03-14,2023-09-22,43027,20337,West,Dealer_11,JT931145
Tacoma,Limited,Green,2017,2023-08-29,2023-11-29,48791,20592,West,Dealer_40,JT434914
Camry,XLE,Blue,2020,2022-01-03,2022-11-11,44293,23308,West,Dealer_11,JT573421
Camry,XSE,Green,2022,2019-07-05,2020-05-09,45401,29259,North,Dealer_46,JT601602
RAV4,LE,Silver,2014,2020-08-06,2021-05-25,34261,25478,West,Dealer_35,JT870883
4Runner,XSE,Blue,2021,2019-02-26,2019-12-04,41186,28272,South,Dealer_19,JT239995
Camry,Base,Green,2010,2021-03-02,2021-03-22,46763,28383,South,Dealer_12,JT373342
Tacoma,XLE,Black,2016,2019-04-12,2020-01-23,22363,39397,West,Dealer_12,JT281905
4Runner,Base,Red,2014,2019-11-30,2020-07-20,44474,27547,West,Dealer_46,JT820861
Tacoma,XSE,Gray,2023,2022-10-10,2023-04-13,42480,41279,West,Dealer_45,JT721826
Corolla,XLE,White,2010,2021-07-03,2022-03-17,25038,26764,West,Dealer_43,JT966929
Tacoma,Limited,Green,2021,2021-10-23,2022-08-05,20778,37837,North,Dealer_10,JT443492
RAV4,Limited,Black,2013,2020-03-14,2020-11-23,35047,39123,North,Dealer_11,JT938366
Highlander,XSE,Silver,2019,2021-11-22,2022-11-07,43490,30958,South,Dealer_16,JT395485
Corolla,XSE,Red,2011,2020-03-29,2021-03-08,30869,26888,East,Dealer_8,JT308314
Corolla,LE,Gray,2010,2022-08-18,2023-03-29,21241,47087,South,Dealer_3,JT188498
RAV4,Limited,Green,2016,2020-04-06,2020-09-24,22867,32578,North,Dealer_21,JT534631
4Runner,LE,Silver,2015,2022-10-19,2023-03-05,22400,43590,South,Dealer_37,JT485456
4Runner,XSE,Green,2021,2020-02-28,2021-01-05,21778,46272,South,Dealer_9,JT290724
RAV4,Base,Red,2011,2020-07-05,2021-03-21,25832,29900,North,Dealer_29,JT512608
Camry,XLE,Black,2018,2022-08-27,2023-03-29,46024,42507,East,Dealer_17,JT495648
Corolla,Limited,Red,2010,2020-04-09,2020-10-13,28254,37232,North,Dealer_24,JT975224
Camry,XLE,Green,2011,2020-04-04,2021-01-25,38287,35070,South,Dealer_12,JT698097
Tacoma,LE,Blue,2017,2019-02-11,2019-11-02,22308,32755,North,Dealer_14,JT335391
Corolla,LE,Black,2010,2023-07-06,2023-11-06,38840,31565,East,Dealer_36,JT121741
Corolla,SE,White,2014,2022-07-30,2023-05-18,46922,23482,East,Dealer_46,JT124085
Prius,Base,Silver,2016,2020-02-03,2020-11-22,27459,24025,North,Dealer_3,JT685661
Highlander,Limited,Blue,2012,2020-09-11,2021-05-28,49851,45990,North,Dealer_43,JT778540
4Runner,Limited,Green,2022,2019-01-19,2019-12-20,28475,18756,North,Dealer_21,JT741731
Corolla,LE,White,2012,2021-08-28,2022-06-22,33357,22097,West,Dealer_23,JT757066
4Runner,Base,Red,2022,2019-09-28,2020-09-05,32715,41847,South,Dealer_10,JT339816
Tacoma,XLE,Blue,2020,2020-01-02,2020-11-17,34782,25688,South,Dealer_24,JT193298
4Runner,Limited,Green,2021,2019-12-21,2020-10-12,40650,39693,East,Dealer_29,JT584887
Camry,LE,White,2020,2021-02-18,2021-10-02,33252,26245,South,Dealer_35,JT307897
Camry,SE,Black,2016,2023-06-29,2023-11-11,34189,42375,West,Dealer_11,JT374499
Prius,XSE,Red,2015,2019-01-18,2019-11-23,30367,40960,East,Dealer_35,JT835325
Highlander,Limited,White,2016,2020-04-03,2021-02-07,20553,42567,North,Dealer_20,JT993209
Tacoma,Base,Red,2017,2020-05-31,2021-01-20,32763,20623,North,Dealer_8,JT276953
Camry,XSE,White,2023,2020-11-21,2021-08-26,42062,24900,East,Dealer_2,JT152201
RAV4,XLE,Silver,2016,2021-07-15,2022-07-11,23876,23469,East,Dealer_26,JT520515
Tacoma,SE,Black,2016,2020-07-10,2020-09-17,37525,31010,East,Dealer_32,JT748024
4Runner,Limited,Blue,2011,2022-12-30,2023-09-02,20193,21375,West,Dealer_50,JT549737
Tacoma,XSE,White,2020,2022-01-08,2022-12-23,41018,21131,North,Dealer_10,JT729557
Highlander,Base,Red,2020,2021-05-27,2022-01-02,43602,20090,West,Dealer_30,JT372795
Camry,XSE,Black,2023,2020-06-17,2020-07-17,40262,46792,North,Dealer_21,JT256501
Tacoma,LE,Blue,2018,2021-05-17,2022-01-31,22072,33505,East,Dealer_10,JT193387
4Runner,XSE,Red,2012,2021-02-10,2021-12-25,44771,35971,West,Dealer_1,JT485792
Prius,XLE,Black,2020,2023-08-21,2023-10-11,44443,19763,South,Dealer_48,JT278386
Prius,XSE,Red,2023,2020-12-04,2020-12-15,39189,18863,North,Dealer_35,JT694797
Camry,XLE,Green,2015,2020-04-16,2020-12-07,21491,43261,East,Dealer_33,JT223050
Prius,XLE,Gray,2011,2020-05-31,2021-04-26,42966,31009,East,Dealer_22,JT114800
RAV4,Base,Gray,2012,2020-03-22,2021-01-16,47795,35169,West,Dealer_42,JT853489
Highlander,LE,Black,2018,2021-08-13,2021-09-17,22378,43067,South,Dealer_46,JT651380
Prius,SE,Green,2016,2020-09-10,2021-07-02,31721,20727,South,Dealer_19,JT556297
Prius,XLE,Blue,2018,2021-04-24,2022-01-20,36476,21405,North,Dealer_31,JT910926
RAV4,XSE,Blue,2012,2021-12-02,2022-05-29,23477,26600,North,Dealer_19,JT575747
Highlander,Base,Red,2021,2023-08-16,2023-09-04,29497,38253,North,Dealer_49,JT967442
Tacoma,XSE,Black,2013,2020-07-05,2021-07-03,45784,23088,West,Dealer_37,JT806331
Highlander,XLE,Green,2023,2021-03-24,2022-02-18,42474,20762,East,Dealer_43,JT618152
Corolla,Base,White,2010,2020-07-13,2021-05-28,29874,39457,West,Dealer_10,JT224269
Camry,XSE,Gray,2022,2019-07-29,2020-01-03,39875,47015,East,Dealer_37,JT335388
Camry,Limited,Green,2010,2019-01-16,2019-10-05,22834,30774,East,Dealer_47,JT848225
Corolla,LE,Blue,2014,2021-11-13,2022-09-03,29224,28137,East,Dealer_29,JT313013
RAV4,XSE,Green,2017,2020-06-08,2021-03-12,45076,25515,South,Dealer_22,JT299800
Corolla,LE,Gray,2020,2020-09-28,2021-09-27,34341,26106,West,Dealer_45,JT952924
Tacoma,XLE,White,2021,2023-04-30,2023-09-16,32498,42169,West,Dealer_8,JT920114
Tacoma,XLE,White,2018,2021-02-05,2021-04-08,32947,27311,West,Dealer_47,JT379133
Camry,XLE,Silver,2016,2022-02-23,2022-11-29,46939,32521,South,Dealer_31,JT401950
Tacoma,LE,Red,2018,2022-08-18,2023-03-22,41650,38528,South,Dealer_3,JT882702
Camry,XSE,Red,2016,2022-05-01,2022-06-30,21009,22142,East,Dealer_9,JT618172
Corolla,Limited,Red,2023,2020-01-20,2020-11-03,35531,22301,South,Dealer_44,JT500633
Corolla,LE,Black,2013,2020-01-17,2020-08-01,25122,35260,North,Dealer_36,JT236523
Prius,Base,Blue,2013,2020-09-03,2021-06-25,37480,45476,North,Dealer_8,JT552259
Prius,Limited,Green,2017,2021-12-04,2022-11-02,27204,23590,North,Dealer_20,JT997935
Corolla,XSE,Blue,2015,2019-08-10,2020-02-21,24468,18936,West,Dealer_2,JT316642
Camry,XSE,Silver,2012,2021-09-13,2022-05-14,44469,19151,North,Dealer_26,JT729232
Corolla,LE,Gray,2014,2019-05-11,2020-04-06,32812,39743,South,Dealer_40,JT326037
Corolla,SE,Silver,2013,2020-09-27,2020-11-19,46108,29692,West,Dealer_15,JT964119
4Runner,Limited,Silver,2021,2020-07-20,2021-04-05,46131,46192,West,Dealer_29,JT396712
RAV4,XLE,White,2022,2020-05-25,2021-02-16,47835,47991,North,Dealer_23,JT862008
Corolla,Limited,Red,2011,2020-10-27,2021-04-13,37882,28656,East,Dealer_6,JT810083
Tacoma,XSE,Green,2010,2022-02-23,2022-12-28,29665,46319,East,Dealer_21,JT298561
Camry,Base,Black,2022,2020-07-01,2020-07-21,40776,33602,South,Dealer_4,JT538651
RAV4,XSE,Blue,2020,2020-06-18,2020-07-28,24721,33308,North,Dealer_39,JT289131
Prius,LE,Black,2016,2020-07-30,2021-04-12,29766,46537,South,Dealer_42,JT528368
Highlander,SE,Red,2019,2021-10-03,2022-05-16,42193,35713,East,Dealer_13,JT930958
Camry,XLE,Red,2022,2022-01-22,2022-08-27,49064,26926,East,Dealer_38,JT253032
Tacoma,Limited,Blue,2010,2020-09-03,2021-03-05,49955,35974,North,Dealer_34,JT130170
Camry,SE,White,2013,2020-01-21,2020-10-07,46051,32576,East,Dealer_15,JT404289
Prius,XLE,Gray,2013,2019-11-04,2020-08-10,48414,22427,East,Dealer_50,JT374516
Tacoma,XSE,Green,2011,2020-09-29,2021-04-28,43898,40859,East,Dealer_18,JT346924
Tacoma,Base,Silver,2011,2023-04-17,2023-08-06,41231,35671,North,Dealer_13,JT747684
Highlander,XSE,White,2019,2020-05-07,2021-03-18,32226,23801,North,Dealer_2,JT572883
Camry,LE,Red,2010,2019-04-27,2020-01-23,20365,37360,East,Dealer_6,JT360380
4Runner,LE,Red,2017,2020-05-20,2021-03-02,38137,37581,East,Dealer_35,JT487593
Highlander,Base,Green,2019,2022-12-22,2023-10-22,48664,32960,West,Dealer_29,JT711218
4Runner,Limited,White,2020,2023-02-27,2023-07-02,38188,38678,North,Dealer_44,JT817506
Highlander,SE,Silver,2021,2020-01-18,2020-12-02,24632,42540,South,Dealer_43,JT778675
Camry,Base,Silver,2023,2022-05-13,2022-11-22,24038,38835,South,Dealer_6,JT580419
Corolla,SE,Red,2010,2021-04-07,2022-01-22,21368,46747,East,Dealer_33,JT189903
Corolla,XLE,Gray,2013,2020-12-02,2021-10-24,20164,36480,East,Dealer_26,JT110821
Prius,Limited,Silver,2021,2020-10-16,2021-08-18,38766,32253,West,Dealer_13,JT591658
Highlander,LE,Silver,2010,2021-12-20,2022-10-26,39551,35152,West,Dealer_32,JT239675
RAV4,Limited,Blue,2016,2019-10-14,2020-06-28,32913,38964,North,Dealer_21,JT438947
Highlander,XSE,Gray,2017,2023-01-17,2023-07-10,37601,38956,South,Dealer_39,JT826687
Highlander,LE,Blue,2013,2019-02-22,2019-12-31,37941,35491,West,Dealer_39,JT516866
Highlander,SE,Black,2018,2022-04-23,2022-09-04,22789,28146,South,Dealer_33,JT820216
4Runner,LE,White,2013,2021-10-15,2022-08-15,29984,47783,West,Dealer_4,JT322526
Prius,XSE,Red,2022,2020-08-28,2021-06-16,26883,29376,East,Dealer_43,JT847986
Corolla,LE,Silver,2023,2020-06-15,2021-02-17,44520,33782,West,Dealer_24,JT502124
Prius,Base,Black,2022,2021-03-20,2021-05-07,44295,35683,West,Dealer_26,JT842866
Prius,SE,Blue,2010,2020-06-26,2021-04-08,49607,25442,North,Dealer_10,JT543852
Prius,XSE,Silver,2012,2020-07-24,2021-03-06,43787,44368,East,Dealer_46,JT871861
Corolla,Base,White,2018,2020-10-13,2021-07-26,31267,20934,East,Dealer_28,JT726205
Corolla,XLE,Blue,2014,2019-03-14,2019-12-12,26938,32478,North,Dealer_24,JT368672
Highlander,Limited,Gray,2013,2022-04-09,2022-10-15,33521,28088,South,Dealer_25,JT176604
Prius,Base,Gray,2023,2022-02-25,2022-12-21,49675,29985,East,Dealer_24,JT199907
RAV4,XLE,Red,2021,2021-12-20,2022-03-17,41165,31507,East,Dealer_1,JT684056
4Runner,XSE,Silver,2019,2022-05-29,2022-12-29,47900,26513,North,Dealer_19,JT161606
4Runner,XSE,Black,2015,2020-01-24,2020-11-30,36795,23102,South,Dealer_23,JT154644
Corolla,XSE,Red,2019,2020-10-13,2020-12-03,24667,27947,East,Dealer_23,JT449031
Camry,SE,Silver,2019,2021-05-22,2022-03-26,25274,18345,North,Dealer_20,JT346249
Camry,XSE,Silver,2022,2021-07-21,2022-04-11,26029,18003,East,Dealer_29,JT593808
Camry,Limited,Silver,2020,2020-03-31,2021-02-02,27234,35148,West,Dealer_36,JT471512
Tacoma,SE,Green,2023,2020-06-21,2021-04-06,40214,44718,South,Dealer_6,JT735829
Highlander,XSE,Silver,2015,2021-05-23,2021-12-30,47353,42847,West,Dealer_14,JT803375
Camry,SE,Silver,2013,2022-07-31,2023-02-07,28281,45785,South,Dealer_47,JT941218
Highlander,Limited,Red,2014,2023-05-15,2023-05-27,26367,22466,North,Dealer_29,JT727291
Camry,Limited,White,2012,2021-09-01,2022-07-08,23755,29268,East,Dealer_48,JT844033
RAV4,Base,Green,2020,2022-10-07,2023-05-29,25942,27396,East,Dealer_27,JT884588
Highlander,SE,White,2018,2021-01-04,2021-08-06,41986,33374,North,Dealer_29,JT949192
Camry,LE,Red,2013,2021-11-04,2022-07-09,46203,35534,East,Dealer_19,JT147722
4Runner,XLE,Gray,2016,2020-02-24,2020-09-06,38589,18272,West,Dealer_11,JT105621
Corolla,XSE,White,2014,2023-09-10,2023-09-28,47926,40536,North,Dealer_47,JT365978
Highlander,XLE,Black,2014,2019-12-15,2020-10-27,21782,34119,West,Dealer_28,JT629050
4Runner,Limited,Black,2010,2021-02-24,2022-01-02,47898,42755,South,Dealer_47,JT749758
4Runner,XLE,Gray,2018,2022-09-08,2022-11-26,44610,33632,East,Dealer_27,JT499442
4Runner,LE,Red,2019,2023-05-27,2023-12-01,37984,27817,West,Dealer_9,JT417201
Tacoma,XLE,Black,2021,2022-02-17,2022-11-09,35114,18299,East,Dealer_38,JT513869
Corolla,Base,Green,2012,2020-01-06,2020-07-15,41124,43096,South,Dealer_39,JT803869
Corolla,XLE,Red,2020,2020-08-24,2021-06-03,38011,32104,East,Dealer_6,JT488918
Prius,Limited,Black,2020,2019-07-19,2020-04-01,22396,44147,South,Dealer_10,JT238661
Tacoma,Limited,Blue,2016,2021-08-22,2022-08-19,29524,27598,North,Dealer_14,JT686741
4Runner,Base,Gray,2018,2019-09-20,2020-04-21,42009,37562,East,Dealer_20,JT143122
Corolla,XSE,Gray,2017,2021-05-05,2022-04-01,22207,25576,North,Dealer_31,JT708684
Corolla,SE,Gray,2010,2020-06-13,2021-03-23,28214,44108,South,Dealer_34,JT288085
4Runner,XSE,Red,2015,2022-03-01,2023-01-25,23217,18236,North,Dealer_22,JT372935
4Runner,Limited,Green,2020,2020-08-18,2021-08-06,26468,35963,West,Dealer_5,JT278117
Camry,XSE,Silver,2020,2021-05-08,2022-02-18,43776,30243,North,Dealer_38,JT628216
Camry,XLE,Gray,2016,2022-10-20,2023-04-12,39024,24179,West,Dealer_49,JT616780
Highlander,XLE,Green,2022,2020-01-10,2020-11-29,35964,31491,South,Dealer_25,JT455652
Highlander,Limited,Black,2018,2022-10-24,2023-05-01,30841,46906,South,Dealer_6,JT590822
Highlander,Limited,Blue,2015,2020-05-25,2020-11-18,31702,36368,East,Dealer_1,JT238327
Camry,XSE,Red,2021,2022-09-02,2022-12-17,24201,32323,West,Dealer_27,JT194002
4Runner,XSE,Black,2016,2019-07-02,2020-01-25,41997,30935,East,Dealer_41,JT432731
Highlander,XLE,Silver,2016,2020-03-31,2021-02-19,41478,26188,East,Dealer_18,JT844756
Corolla,SE,Black,2012,2020-12-28,2021-10-10,27685,23350,South,Dealer_27,JT656189
Camry,Base,Green,2014,2020-04-02,2020-09-27,23278,41427,North,Dealer_12,JT553959
Highlander,SE,Gray,2016,2022-03-03,2022-09-03,29343,42153,South,Dealer_36,JT248683
Corolla,Limited,Blue,2012,2023-03-10,2023-11-20,40300,39167,South,Dealer_30,JT373055
Highlander,XSE,Green,2022,2020-09-20,2021-07-16,22287,30770,North,Dealer_46,JT222517
RAV4,SE,Green,2018,2021-05-11,2022-01-18,49495,45145,West,Dealer_37,JT428486
4Runner,XSE,Gray,2017,2023-01-23,2023-06-03,26340,30398,West,Dealer_49,JT146307
4Runner,LE,White,2013,2023-10-30,2023-12-22,30413,25228,North,Dealer_9,JT234082
Highlander,XLE,Gray,2023,2020-11-09,2020-12-19,35920,26617,North,Dealer_13,JT623460
RAV4,Base,White,2013,2021-01-31,2021-11-11,34766,20595,East,Dealer_12,JT975355
Highlander,XSE,Gray,2014,2020-05-29,2020-06-17,30759,31835,North,Dealer_25,JT394650
Prius,Base,Blue,2023,2020-02-04,2020-10-28,40196,38490,North,Dealer_19,JT884149
Prius,XSE,Green,2021,2020-08-25,2021-07-13,41607,25849,East,Dealer_36,JT478108
4Runner,XSE,Blue,2012,2020-05-18,2020-12-27,30016,34928,West,Dealer_32,JT550977
Tacoma,Base,Red,2022,2020-01-29,2021-01-01,42723,43052,North,Dealer_3,JT396668
Prius,Base,Gray,2017,2019-08-30,2020-07-25,39142,44213,North,Dealer_20,JT376002
Prius,SE,Green,2010,2021-03-17,2021-08-21,24993,47817,East,Dealer_38,JT742705
Highlander,XSE,White,2018,2019-04-20,2020-03-22,38532,38093,North,Dealer_20,JT969887
Camry,LE,Red,2016,2020-05-03,2021-03-21,38574,44462,East,Dealer_32,JT898557
Camry,SE,Black,2016,2022-03-26,2022-07-23,31943,40738,South,Dealer_36,JT376570
RAV4,Limited,Blue,2018,2022-04-10,2022-11-03,46466,40434,East,Dealer_48,JT642085
Camry,Limited,Red,2018,2021-08-09,2022-04-03,30365,26908,South,Dealer_30,JT428215
Corolla,XLE,Green,2012,2022-06-25,2023-01-02,34034,27328,South,Dealer_15,JT556943
Tacoma,LE,Blue,2016,2019-05-26,2020-04-26,25525,39248,East,Dealer_2,JT272998
Prius,XSE,Red,2013,2021-08-25,2022-03-25,20158,42344,East,Dealer_1,JT430870
Tacoma,LE,Black,2014,2022-04-30,2023-02-27,30263,35430,East,Dealer_10,JT872663
Corolla,Limited,Black,2013,2020-02-03,2020-11-07,28066,44503,West,Dealer_17,JT615138
Prius,XSE,Silver,2015,2021-10-21,2022-07-07,45744,26808,North,Dealer_20,JT900771
RAV4,LE,White,2020,2019-09-03,2020-07-13,27258,31530,East,Dealer_41,JT258612
Corolla,Base,Green,2011,2020-06-17,2021-04-24,43337,24160,South,Dealer_41,JT682667
Corolla,SE,Silver,2017,2022-10-26,2023-08-04,44242,45966,South,Dealer_31,JT994470
Tacoma,XSE,White,2023,2021-02-20,2022-01-27,40998,20243,East,Dealer_8,JT789354
Highlander,Base,Black,2015,2021-12-21,2022-06-30,34290,23977,North,Dealer_42,JT767578
Tacoma,SE,Red,2011,2020-09-03,2021-08-07,29066,22476,North,Dealer_43,JT936994
4Runner,LE,Green,2018,2020-11-08,2021-04-26,47528,27489,North,Dealer_19,JT561362
Tacoma,XSE,Gray,2021,2019-04-21,2020-01-20,31779,21616,South,Dealer_27,JT155807
Camry,XLE,Blue,2023,2020-06-20,2021-04-28,24400,38869,East,Dealer_12,JT298096
Corolla,XLE,Black,2013,2021-09-26,2022-06-03,42268,32920,East,Dealer_32,JT255840
Tacoma,Limited,Black,2010,2019-11-05,2020-06-10,44018,38241,East,Dealer_45,JT157217
Corolla,Base,Green,2014,2019-10-09,2020-07-18,30864,32836,South,Dealer_42,JT341026
4Runner,XSE,Green,2016,2020-02-15,2020-08-19,48766,26917,East,Dealer_16,JT292037
Camry,Base,Red,2020,2020-11-14,2020-12-02,35727,40953,South,Dealer_2,JT137604
Corolla,LE,Green,2019,2021-04-18,2022-02-25,35166,38406,South,Dealer_8,JT593090
Tacoma,XLE,Gray,2019,2021-10-31,2022-03-12,34593,34121,North,Dealer_49,JT372864
Corolla,Base,Black,2010,2021-07-26,2022-03-11,31755,24153,East,Dealer_18,JT271499
Prius,Limited,Black,2023,2019-10-21,2020-09-03,45387,28506,East,Dealer_32,JT840255
4Runner,XSE,Red,2011,2020-10-09,2021-09-13,30009,18635,West,Dealer_5,JT589824
Camry,XLE,Green,2013,2023-08-23,2023-11-02,35957,22985,North,Dealer_39,JT557629
Highlander,Base,Black,2022,2023-01-05,2023-10-26,38077,19626,South,Dealer_48,JT221660
Corolla,Base,White,2022,2020-01-05,2020-11-28,23566,35529,North,Dealer_24,JT618951
Tacoma,XSE,White,2019,2020-05-15,2021-05-15,25759,18725,West,Dealer_38,JT142773
Camry,Limited,Gray,2021,2019-06-15,2020-03-19,41153,24092,North,Dealer_31,JT562966
Tacoma,LE,White,2020,2021-09-25,2022-06-18,39877,21351,North,Dealer_37,JT473838
Tacoma,Limited,White,2018,2020-11-12,2021-08-29,22686,27244,West,Dealer_28,JT843470
Corolla,LE,Black,2013,2021-05-03,2021-12-09,47583,26820,North,Dealer_17,JT688098
Tacoma,SE,Blue,2017,2019-12-29,2020-04-28,29195,22097,North,Dealer_41,JT608768
Corolla,Base,White,2013,2020-10-03,2021-05-15,48138,41435,West,Dealer_44,JT579995
Highlander,Base,Gray,2023,2020-06-25,2021-03-05,47080,32366,West,Dealer_31,JT616935
Prius,XLE,White,2015,2019-04-29,2020-02-07,24587,41825,South,Dealer_45,JT217955
Tacoma,SE,Black,2014,2019-01-10,2019-11-03,49206,18268,West,Dealer_8,JT986925
Tacoma,Base,Green,2010,2021-07-14,2022-01-14,37649,25628,East,Dealer_24,JT854727
Tacoma,LE,Silver,2013,2020-07-14,2021-07-02,26436,20955,East,Dealer_33,JT255245
RAV4,XSE,Black,2013,2020-03-04,2020-12-25,28625,22937,East,Dealer_47,JT229660
RAV4,LE,Green,2021,2020-04-22,2021-04-17,44036,18482,South,Dealer_37,JT466586
Camry,Base,Red,2011,2021-09-25,2022-07-15,49043,34173,North,Dealer_2,JT198123
Prius,Base,Gray,2021,2019-12-12,2020-11-22,40533,25116,West,Dealer_17,JT313630
Prius,LE,White,2022,2022-03-26,2022-12-17,22505,29203,South,Dealer_11,JT397917
RAV4,XSE,Red,2017,2020-12-25,2021-10-01,43836,31770,North,Dealer_38,JT289430
Camry,SE,White,2013,2019-11-21,2020-09-01,22470,28209,West,Dealer_4,JT975512
RAV4,Base,Silver,2021,2020-01-26,2020-11-27,49232,43746,North,Dealer_10,JT276470
Highlander,XLE,Green,2019,2023-05-28,2023-12-20,20610,44196,West,Dealer_21,JT886365
Camry,LE,Blue,2021,2020-10-08,2021-08-10,47839,34331,East,Dealer_30,JT633450
Prius,LE,Silver,2013,2023-05-16,2023-12-07,36619,30169,West,Dealer_45,JT962529
Prius,XLE,Black,2016,2019-06-30,2020-01-24,40697,33194,West,Dealer_9,JT386042
RAV4,LE,Black,2013,2019-09-23,2020-04-28,21022,40837,South,Dealer_23,JT690607
Highlander,XLE,Red,2018,2022-06-12,2022-10-13,46628,43933,South,Dealer_11,JT795350
RAV4,XLE,Red,2015,2021-06-07,2021-12-11,39067,19039,South,Dealer_4,JT714127
4Runner,XLE,Black,2022,2022-07-21,2022-12-07,38969,28821,East,Dealer_18,JT322713
Corolla,XSE,Gray,2014,2021-05-29,2022-02-26,33275,20628,East,Dealer_24,JT711893
Corolla,SE,Black,2016,2021-04-06,2021-06-14,45205,45641,West,Dealer_27,JT104326
Highlander,SE,Black,2017,2020-12-07,2021-05-28,39334,42594,South,Dealer_41,JT651567
Tacoma,Limited,White,2018,2021-09-04,2022-01-31,26971,22787,East,Dealer_23,JT904098
Tacoma,XSE,Silver,2020,2020-09-16,2021-02-24,49697,19836,East,Dealer_4,JT698514
Corolla,Limited,Gray,2015,2019-01-10,2019-11-08,21201,26732,West,Dealer_19,JT289340
Corolla,Base,White,2014,2019-03-19,2019-12-09,38074,43416,West,Dealer_19,JT536646
Tacoma,SE,Blue,2014,2020-03-01,2021-01-29,28539,30858,North,Dealer_34,JT180567
Camry,SE,Gray,2015,2020-02-13,2020-12-31,37808,20339,North,Dealer_41,JT358114
Tacoma,SE,White,2018,2022-05-29,2023-02-05,49294,35799,West,Dealer_5,JT905572
RAV4,LE,Black,2017,2021-02-03,2021-07-11,37684,33405,North,Dealer_33,JT622307
Camry,Limited,White,2017,2019-01-29,2020-01-16,35469,23950,East,Dealer_13,JT809790
RAV4,XSE,Red,2011,2020-05-10,2020-10-21,41427,24297,West,Dealer_50,JT198886
Corolla,Limited,Gray,2022,2021-06-22,2022-05-12,45401,47350,West,Dealer_41,JT444622
Camry,Base,Green,2021,2023-09-03,2023-12-29,24870,45575,South,Dealer_12,JT127223
RAV4,SE,Black,2017,2021-12-23,2022-08-09,31987,26194,East,Dealer_49,JT398090
RAV4,XSE,Silver,2022,2020-01-26,2020-12-06,32861,44779,East,Dealer_7,JT814407
Camry,Limited,White,2023,2019-02-06,2019-10-07,27317,30503,South,Dealer_39,JT813702
Highlander,SE,Black,2015,2022-10-13,2022-10-17,49210,45140,North,Dealer_49,JT227916
4Runner,SE,Gray,2013,2019-01-09,2019-11-27,45301,18413,West,Dealer_11,JT513316
Tacoma,XSE,Green,2015,2022-07-07,2022-11-12,39320,21996,North,Dealer_35,JT491704
Prius,Base,Red,2015,2022-01-07,2022-07-26,44026,43170,East,Dealer_21,JT719014
RAV4,XLE,Red,2016,2020-04-23,2020-05-24,48087,41418,North,Dealer_21,JT211222
Tacoma,XSE,Gray,2010,2020-04-08,2021-02-10,29535,26157,East,Dealer_44,JT977634
4Runner,XLE,Gray,2019,2022-11-21,2023-03-06,24387,30609,West,Dealer_20,JT439254
Prius,Base,White,2023,2020-12-07,2021-12-05,35227,43271,West,Dealer_18,JT261245
Tacoma,LE,Black,2013,2020-12-06,2021-07-01,36420,32514,West,Dealer_44,JT130277
Corolla,XSE,Silver,2021,2020-10-01,2020-11-18,36725,26099,South,Dealer_45,JT185000
Prius,XLE,Green,2012,2019-09-22,2020-07-30,22967,42170,South,Dealer_45,JT582589
4Runner,Base,Gray,2010,2019-07-30,2020-07-29,33001,19098,South,Dealer_24,JT971051
Tacoma,Limited,Gray,2014,2021-02-24,2021-11-03,31923,24526,West,Dealer_7,JT842084
RAV4,SE,Blue,2018,2021-10-27,2022-10-20,36455,33100,West,Dealer_35,JT791577
Prius,LE,Red,2019,2020-08-24,2021-06-22,20347,42095,North,Dealer_38,JT603164
Corolla,XSE,Blue,2019,2020-09-18,2021-04-12,41714,43263,East,Dealer_23,JT576111
Camry,XLE,Green,2021,2019-12-09,2020-11-28,27827,21078,South,Dealer_10,JT758879
RAV4,Limited,Silver,2016,2019-05-14,2020-01-06,47786,35076,West,Dealer_1,JT382400
Corolla,XLE,Gray,2014,2020-03-31,2021-02-02,46428,39823,West,Dealer_9,JT723068
Corolla,Base,Green,2012,2019-04-04,2020-01-26,40120,24830,East,Dealer_34,JT789969
Prius,XSE,White,2013,2020-09-02,2021-05-15,42418,33493,South,Dealer_19,JT106087
Tacoma,Base,Red,2015,2020-04-04,2020-08-18,25434,30750,South,Dealer_24,JT445429
Camry,XLE,Blue,2013,2021-07-22,2022-02-06,44812,40329,North,Dealer_50,JT145976
RAV4,XSE,Red,2016,2022-01-15,2022-07-24,36847,28227,West,Dealer_32,JT788047
RAV4,XLE,Blue,2019,2021-12-01,2022-02-23,24599,28586,North,Dealer_27,JT752596
Tacoma,SE,Green,2023,2020-11-03,2021-08-05,34621,23197,West,Dealer_22,JT575111
Camry,XSE,Gray,2013,2021-01-01,2021-12-09,25217,38616,East,Dealer_11,JT440698
Prius,XSE,Black,2017,2020-03-13,2020-11-22,25870,41862,North,Dealer_7,JT867080
RAV4,LE,Black,2018,2021-06-07,2022-04-08,38558,19382,West,Dealer_14,JT869989
Camry,SE,White,2020,2023-09-04,2023-12-24,38540,42403,South,Dealer_10,JT935750
Prius,XSE,Silver,2020,2022-05-08,2022-11-07,41607,36008,East,Dealer_33,JT696805
Prius,Limited,Red,2015,2019-10-02,2020-07-03,48580,35069,West,Dealer_15,JT235602
4Runner,XLE,Silver,2014,2020-12-02,2021-10-21,24790,22002,North,Dealer_13,JT321634
RAV4,Limited,Blue,2022,2021-05-23,2021-09-30,44114,26300,North,Dealer_36,JT151047
Tacoma,XLE,Gray,2023,2021-01-05,2021-09-03,43986,33768,West,Dealer_40,JT940494
Highlander,Base,White,2017,2021-10-17,2022-07-02,35843,38923,East,Dealer_45,JT774909
RAV4,XLE,Black,2021,2020-01-21,2020-10-15,31757,27791,West,Dealer_34,JT396698
4Runner,LE,Black,2020,2019-12-04,2020-06-08,21324,24511,North,Dealer_35,JT438869
Corolla,Base,White,2021,2023-03-16,2023-07-21,27170,29810,North,Dealer_46,JT936917
Corolla,XSE,Green,2017,2021-04-06,2022-02-02,44951,47082,South,Dealer_36,JT158232
Prius,XLE,Red,2017,2019-02-09,2019-11-21,35979,19706,South,Dealer_45,JT879930
Highlander,LE,Silver,2012,2020-04-12,2021-02-15,27593,46300,North,Dealer_49,JT174159
4Runner,Limited,Blue,2021,2020-04-04,2021-02-19,22059,39846,South,Dealer_8,JT673734
RAV4,Base,Silver,2022,2020-04-17,2021-03-22,28662,25136,South,Dealer_27,JT731548
Corolla,Base,Black,2015,2019-09-26,2020-05-15,32105,21700,West,Dealer_30,JT499917
Corolla,LE,White,2012,2020-03-08,2020-09-19,27668,25732,East,Dealer_5,JT197046
RAV4,Limited,Black,2012,2022-11-22,2023-02-12,21402,38739,West,Dealer_8,JT518233
4Runner,Base,Gray,2021,2019-02-14,2019-09-10,41908,32226,West,Dealer_9,JT367558
Camry,XSE,Black,2018,2022-04-01,2022-04-22,26775,28633,South,Dealer_2,JT286657
Prius,XLE,Blue,2017,2020-05-21,2021-02-09,36970,18493,South,Dealer_31,JT351742
RAV4,SE,Red,2012,2019-12-13,2020-11-01,49744,23484,East,Dealer_23,JT908323
Camry,Limited,Red,2018,2019-09-10,2020-08-21,45934,44030,East,Dealer_20,JT518295
Prius,XLE,Gray,2020,2021-01-20,2021-09-28,31837,27047,East,Dealer_45,JT193520
Highlander,SE,Blue,2010,2021-11-01,2022-05-31,32717,37159,West,Dealer_24,JT121508
Tacoma,Base,White,2018,2020-06-25,2021-03-16,35390,21920,East,Dealer_9,JT993749
Prius,SE,Silver,2010,2023-02-06,2023-06-11,34897,30969,North,Dealer_29,JT318337
Highlander,Limited,White,2023,2019-03-18,2020-01-18,48886,43858,North,Dealer_39,JT270855
Tacoma,XLE,Silver,2023,2020-01-17,2020-07-29,21521,25965,West,Dealer_34,JT507374
Corolla,Base,Red,2011,2022-01-25,2022-12-29,21307,18292,South,Dealer_49,JT917357
Corolla,Base,Black,2023,2021-02-14,2021-11-09,41250,19376,East,Dealer_22,JT521943
Corolla,Base,Green,2020,2020-06-07,2021-01-13,30619,37040,North,Dealer_12,JT398776
Prius,Base,Black,2010,2023-02-28,2023-04-29,23382,43672,East,Dealer_46,JT778604
Camry,SE,Gray,2022,2021-09-14,2021-12-31,43060,40634,North,Dealer_20,JT889114
Tacoma,Base,White,2010,2022-06-30,2023-06-29,37084,33573,North,Dealer_2,JT785836
Corolla,LE,Blue,2016,2019-04-10,2019-12-20,40760,40557,East,Dealer_48,JT261621
4Runner,Base,Silver,2012,2022-05-01,2022-08-08,47185,37536,North,Dealer_8,JT226460
RAV4,Base,Black,2023,2019-04-09,2020-03-14,28961,23078,East,Dealer_15,JT413048
Tacoma,LE,Gray,2020,2022-09-17,2023-04-26,47357,30169,North,Dealer_9,JT614688
Tacoma,XLE,White,2013,2019-08-10,2020-05-25,44310,43257,South,Dealer_45,JT940014
Camry,XSE,Blue,2011,2021-02-04,2021-11-18,28628,20932,West,Dealer_10,JT553360
Highlander,LE,Red,2021,2023-01-24,2023-09-09,38960,26150,West,Dealer_45,JT871635
Camry,Limited,Blue,2012,2019-02-10,2019-11-13,37837,23167,East,Dealer_15,JT945522
Corolla,XLE,Green,2010,2019-04-09,2020-01-22,38683,34381,West,Dealer_20,JT425164
RAV4,Base,Red,2013,2020-01-14,2020-12-24,25696,20995,West,Dealer_9,JT818234
RAV4,SE,White,2018,2019-08-26,2020-07-13,32342,40477,West,Dealer_14,JT732829
4Runner,LE,Blue,2017,2020-02-18,2020-09-25,41419,38271,West,Dealer_9,JT237664
4Runner,XLE,Gray,2015,2021-04-22,2021-06-28,32403,29089,South,Dealer_6,JT476485
Corolla,XLE,White,2010,2021-02-17,2022-01-31,31970,42889,South,Dealer_28,JT797848
RAV4,Base,Red,2019,2019-09-11,2020-06-11,39257,38484,West,Dealer_45,JT200780
Camry,XSE,Green,2020,2022-01-25,2022-10-26,41408,19967,South,Dealer_49,JT972470
Prius,SE,Gray,2020,2020-06-01,2021-04-14,49433,19958,South,Dealer_8,JT485306
Camry,SE,Green,2019,2020-01-20,2020-11-09,47376,29649,West,Dealer_5,JT637555
Prius,SE,Black,2017,2021-11-17,2022-05-29,22550,39121,East,Dealer_2,JT309580
Corolla,Limited,Gray,2020,2019-11-10,2020-01-03,36930,23043,West,Dealer_50,JT613406
RAV4,XLE,Black,2017,2020-02-25,2021-01-13,28243,40981,South,Dealer_31,JT567080
4Runner,Limited,Gray,2010,2022-02-09,2022-11-24,32331,35575,East,Dealer_49,JT506941
Tacoma,Limited,Red,2010,2021-09-21,2022-04-14,49728,43934,South,Dealer_28,JT599583
4Runner,XLE,Silver,2018,2020-07-31,2021-07-23,27303,21519,South,Dealer_3,JT381521
Highlander,SE,Silver,2018,2019-01-20,2019-10-02,36920,22123,North,Dealer_13,JT690408
Tacoma,XLE,Black,2016,2020-09-08,2021-06-13,33298,33985,North,Dealer_7,JT729502
Prius,XSE,Black,2010,2021-05-02,2021-05-11,31563,25624,North,Dealer_3,JT543621
Camry,XLE,Green,2010,2022-05-09,2022-09-17,46779,28378,South,Dealer_43,JT194604
Camry,Base,Blue,2018,2019-07-26,2020-05-13,48433,36296,West,Dealer_33,JT893237
4Runner,XLE,Gray,2021,2020-05-02,2021-02-16,31306,43839,West,Dealer_38,JT543061
Camry,LE,Gray,2014,2020-10-18,2021-05-11,35953,39123,South,Dealer_4,JT950389
4Runner,XSE,Gray,2018,2020-07-06,2021-05-20,45973,42795,North,Dealer_31,JT486123
4Runner,LE,Gray,2014,2021-07-27,2022-06-29,35797,29380,South,Dealer_8,JT743687
Camry,SE,Blue,2010,2020-07-09,2021-06-17,49070,44395,West,Dealer_17,JT295408
Highlander,SE,Green,2018,2020-03-30,2021-02-20,39798,47222,West,Dealer_3,JT555193
Corolla,Base,Black,2023,2019-10-08,2020-07-14,20216,32375,West,Dealer_5,JT761322
Camry,Base,Silver,2021,2021-05-07,2022-02-17,36444,42025,South,Dealer_20,JT546711
Prius,Base,Blue,2020,2022-04-25,2022-12-27,48902,24323,West,Dealer_43,JT197462
RAV4,XSE,Red,2016,2019-08-03,2020-06-15,24553,18699,West,Dealer_1,JT142402
4Runner,Limited,Blue,2022,2021-11-13,2022-02-01,34414,40585,West,Dealer_49,JT638277
Highlander,XLE,Green,2012,2022-07-27,2023-01-12,25426,30378,West,Dealer_7,JT458345
4Runner,LE,Blue,2011,2020-06-22,2021-06-21,27536,29736,East,Dealer_8,JT586041
Prius,XSE,Blue,2011,2019-08-30,2020-07-23,22526,41737,South,Dealer_39,JT809298
4Runner,LE,Green,2018,2020-07-14,2020-08-01,36860,22414,South,Dealer_14,JT335122
Prius,XLE,White,2012,2019-08-22,2020-06-09,41085,26214,West,Dealer_38,JT779068
4Runner,Limited,Red,2013,2020-09-30,2021-08-19,29201,47447,North,Dealer_13,JT819571
Camry,LE,Black,2013,2019-08-06,2020-08-03,26930,19293,West,Dealer_12,JT848301
RAV4,XSE,Silver,2019,2021-10-16,2022-03-18,24923,33902,South,Dealer_43,JT262602
Camry,XLE,Silver,2018,2020-02-11,2020-06-02,26124,41154,East,Dealer_23,JT619383
4Runner,Base,Black,2014,2022-06-01,2023-04-27,25156,32336,West,Dealer_2,JT652891
Prius,Base,White,2023,2020-02-14,2020-11-20,31869,36318,East,Dealer_6,JT760141
Corolla,Base,Green,2015,2020-05-07,2021-02-06,39727,27657,North,Dealer_10,JT778665
Highlander,XLE,Silver,2014,2020-06-22,2021-06-16,43504,35784,North,Dealer_48,JT650164
4Runner,Limited,Blue,2022,2023-08-30,2023-09-18,46769,40840,West,Dealer_18,JT188049
Corolla,XSE,Silver,2016,2020-09-24,2021-05-02,23877,34059,East,Dealer_38,JT404824
4Runner,Base,Red,2011,2020-02-18,2020-09-23,41663,24218,North,Dealer_23,JT590963
Highlander,XLE,Red,2015,2021-01-03,2021-08-20,27547,36569,West,Dealer_23,JT558600
Camry,LE,Black,2016,2021-06-18,2022-03-16,33586,24115,North,Dealer_11,JT183029
Camry,Base,White,2017,2021-04-19,2021-10-07,46580,35813,South,Dealer_33,JT940480
4Runner,SE,Gray,2019,2020-08-27,2021-06-06,30820,29392,East,Dealer_50,JT600811
Highlander,XSE,Gray,2013,2019-11-25,2020-09-14,43601,28606,West,Dealer_47,JT414985
RAV4,LE,White,2021,2019-03-22,2020-02-03,23713,41999,North,Dealer_40,JT255825
RAV4,Limited,Silver,2013,2021-10-13,2022-01-27,35778,33348,North,Dealer_16,JT233997
4Runner,Limited,White,2014,2021-10-13,2022-07-16,42125,27021,South,Dealer_33,JT817555
4Runner,XLE,Green,2020,2020-03-01,2020-11-04,35689,46431,West,Dealer_37,JT415001
4Runner,Limited,White,2023,2021-04-23,2022-01-31,35696,45241,North,Dealer_5,JT982416
Camry,SE,Green,2023,2020-06-01,2021-01-21,26904,37617,East,Dealer_7,JT360732
Camry,Base,Silver,2011,2020-11-08,2021-02-19,39359,47965,North,Dealer_38,JT648501
Corolla,LE,Red,2020,2020-04-25,2020-10-05,25283,46198,East,Dealer_49,JT548509
Prius,Base,Blue,2023,2019-01-06,2019-11-13,41209,36170,North,Dealer_1,JT409834
Camry,XSE,Black,2020,2019-01-27,2019-11-04,47307,23254,West,Dealer_34,JT696152
Highlander,Base,Gray,2022,2020-11-14,2021-10-26,33464,20256,West,Dealer_14,JT150046
RAV4,XLE,Red,2010,2019-07-02,2020-01-18,20735,35404,West,Dealer_46,JT677759
RAV4,Base,White,2011,2019-08-15,2020-04-09,27984,23079,East,Dealer_13,JT180250
4Runner,XSE,White,2016,2022-07-09,2023-02-07,21413,32725,West,Dealer_19,JT147285
Corolla,LE,Gray,2016,2022-03-21,2022-08-12,24190,27688,East,Dealer_11,JT638354
4Runner,SE,Silver,2016,2021-10-05,2022-10-02,38792,44850,East,Dealer_49,JT212860
RAV4,LE,Black,2018,2021-10-08,2022-04-12,39410,26629,East,Dealer_35,JT635456
RAV4,LE,Blue,2017,2019-11-02,2020-09-04,25279,35747,South,Dealer_1,JT545554
Prius,XLE,Green,2010,2019-07-04,2020-05-19,24414,30029,North,Dealer_47,JT533082
Tacoma,XSE,Green,2020,2022-01-03,2022-09-09,40628,32879,East,Dealer_7,JT199074
Highlander,LE,Silver,2010,2021-03-01,2021-11-13,36798,18023,East,Dealer_14,JT587227
Prius,LE,Gray,2021,2019-06-03,2020-03-13,21284,43425,North,Dealer_33,JT792956
4Runner,SE,Silver,2012,2021-09-23,2022-05-24,49189,38906,West,Dealer_46,JT855299
Tacoma,Limited,Blue,2011,2022-08-06,2023-01-21,38752,34579,South,Dealer_31,JT696092
RAV4,SE,Green,2017,2019-07-27,2020-07-11,24812,30420,North,Dealer_24,JT952308
Corolla,XSE,Blue,2023,2020-06-08,2020-09-02,21832,42040,East,Dealer_45,JT365688
Corolla,XSE,White,2016,2020-07-04,2021-03-17,25450,24079,North,Dealer_38,JT472724
RAV4,XLE,Silver,2020,2020-04-18,2020-11-18,28462,46931,East,Dealer_12,JT367240
Camry,Base,Green,2022,2021-07-24,2022-04-28,25899,18613,West,Dealer_29,JT714012
Tacoma,Base,Red,2015,2020-08-29,2021-03-08,36929,38307,North,Dealer_44,JT185741
RAV4,Base,Green,2019,2020-06-24,2021-05-07,33285,46076,South,Dealer_7,JT905984
Corolla,Limited,Red,2023,2021-08-08,2022-05-16,39639,29930,North,Dealer_12,JT627899
Corolla,XSE,Silver,2011,2019-04-13,2020-02-07,38468,43428,East,Dealer_23,JT117058
Tacoma,Limited,Blue,2018,2019-07-24,2020-03-23,40893,38322,East,Dealer_25,JT219470
Highlander,Base,Black,2010,2021-03-16,2021-12-28,20610,25824,South,Dealer_28,JT876487
RAV4,Base,Blue,2013,2019-12-24,2020-11-28,48786,28508,East,Dealer_14,JT793715
Prius,SE,Blue,2013,2020-10-30,2021-08-07,43578,41625,East,Dealer_33,JT585363
4Runner,XSE,Black,2023,2019-03-22,2019-11-13,43854,20075,East,Dealer_15,JT288274
RAV4,Base,Gray,2021,2023-10-12,2023-12-27,41684,39570,North,Dealer_27,JT924366
Highlander,LE,Blue,2019,2020-08-18,2021-05-23,46912,35660,North,Dealer_8,JT291059
Tacoma,XSE,Black,2017,2021-01-07,2021-12-29,29288,44838,South,Dealer_49,JT983855
Tacoma,Limited,Silver,2014,2022-03-22,2022-11-10,22809,30697,South,Dealer_21,JT512045
Corolla,XSE,Black,2010,2022-10-18,2022-11-17,27097,24221,West,Dealer_8,JT147457
Highlander,XLE,Green,2011,2020-04-10,2020-10-02,34719,35172,East,Dealer_30,JT187336
Tacoma,LE,Red,2020,2021-05-22,2022-03-11,39874,40387,South,Dealer_8,JT536471
Camry,Base,Black,2014,2021-09-04,2022-05-30,35447,34303,East,Dealer_34,JT838594
RAV4,XLE,Blue,2018,2019-08-26,2020-07-21,48419,43091,South,Dealer_9,JT412106
Corolla,SE,Gray,2019,2019-07-14,2020-04-03,35783,36070,West,Dealer_32,JT429196
Prius,XSE,Silver,2020,2020-03-04,2021-01-27,25589,23050,South,Dealer_49,JT715732
Highlander,XSE,Black,2010,2022-04-08,2023-04-02,27188,38088,North,Dealer_24,JT859268
Corolla,SE,Blue,2012,2022-07-15,2023-04-07,47209,27277,East,Dealer_46,JT577100
Tacoma,XLE,Gray,2023,2019-04-04,2020-03-22,33460,28570,North,Dealer_19,JT894143
4Runner,LE,Black,2015,2019-01-20,2019-11-10,39688,31428,South,Dealer_36,JT802818
Tacoma,Base,Silver,2010,2021-05-26,2022-03-11,24676,39001,South,Dealer_47,JT571804
Prius,XLE,Silver,2013,2019-10-11,2020-07-12,46037,28552,West,Dealer_3,JT754112
Prius,Limited,Red,2019,2022-08-04,2022-09-20,39092,21619,West,Dealer_6,JT947075
Prius,Base,Silver,2012,2020-07-27,2021-04-04,46884,21154,West,Dealer_21,JT377950
Prius,XLE,Gray,2022,2019-12-16,2020-10-13,45149,35144,South,Dealer_32,JT457915
Prius,LE,Blue,2023,2020-09-05,2020-11-04,25959,39590,West,Dealer_8,JT949352
Camry,XSE,Silver,2021,2020-01-25,2021-01-02,40421,20184,South,Dealer_25,JT296284
RAV4,XLE,Silver,2023,2020-05-06,2020-11-25,41615,19434,South,Dealer_19,JT321321
Highlander,SE,Blue,2016,2021-03-31,2021-11-13,36738,45367,East,Dealer_30,JT294078
Corolla,LE,Blue,2011,2020-07-03,2020-09-24,28667,22252,North,Dealer_39,JT182020
Prius,XSE,Gray,2014,2021-02-09,2022-01-18,25495,23853,East,Dealer_48,JT883317
RAV4,LE,Silver,2012,2022-03-31,2023-02-10,43730,46622,North,Dealer_20,JT733395
Tacoma,Base,Gray,2019,2019-07-10,2020-05-17,42465,19024,North,Dealer_44,JT371914
RAV4,SE,Silver,2013,2021-02-02,2022-01-04,31228,24621,South,Dealer_29,JT806120
Prius,Base,Black,2019,2023-07-14,2023-07-28,34859,21507,West,Dealer_15,JT211495
4Runner,Base,Green,2023,2020-12-02,2021-10-26,39547,33904,West,Dealer_36,JT554871
Corolla,Limited,Silver,2023,2020-01-10,2020-06-21,39352,24278,West,Dealer_27,JT660333
Prius,LE,Red,2016,2019-08-22,2020-07-18,22255,21235,East,Dealer_19,JT118785
RAV4,LE,Green,2020,2021-03-31,2021-12-04,27530,19042,West,Dealer_28,JT106131
Tacoma,XLE,Green,2018,2021-03-30,2021-06-14,32393,36710,South,Dealer_13,JT514118
RAV4,SE,Red,2015,2020-06-02,2020-12-27,32630,39028,West,Dealer_5,JT222346
Prius,SE,Red,2016,2020-02-14,2020-07-10,24332,45403,West,Dealer_31,JT113950
Highlander,Limited,Red,2022,2020-05-12,2021-03-12,23557,30733,West,Dealer_44,JT280077
RAV4,SE,Gray,2021,2021-02-08,2021-02-28,20542,39558,East,Dealer_24,JT787657
Highlander,LE,Green,2012,2022-11-13,2023-08-15,26630,34053,South,Dealer_12,JT600296
Prius,Limited,Silver,2022,2022-06-27,2023-02-17,37128,35230,West,Dealer_1,JT582515
RAV4,SE,Black,2021,2020-09-20,2021-09-06,48167,38446,North,Dealer_44,JT825411
Tacoma,Limited,Gray,2021,2020-07-07,2021-07-04,49797,40980,East,Dealer_32,JT524769
Camry,SE,Blue,2011,2021-05-13,2021-11-10,36526,37342,West,Dealer_44,JT789666
Camry,SE,Green,2018,2020-09-07,2021-08-30,42425,26386,West,Dealer_7,JT880399
Highlander,XLE,Silver,2021,2020-03-28,2021-03-04,33755,19608,East,Dealer_26,JT731124
Prius,SE,White,2015,2022-08-02,2023-06-21,47083,30004,North,Dealer_29,JT861173
Highlander,Limited,Silver,2010,2019-12-08,2020-04-13,24900,25232,North,Dealer_34,JT610365
Prius,LE,Gray,2011,2019-08-20,2020-04-15,39841,37855,East,Dealer_43,JT417508
Prius,XLE,Red,2016,2019-09-29,2020-08-11,23155,41522,West,Dealer_44,JT748543
Camry,SE,White,2013,2022-06-06,2022-11-26,25813,20322,East,Dealer_6,JT952631
Tacoma,SE,Gray,2023,2022-03-19,2023-01-27,35593,18428,East,Dealer_8,JT746703
Tacoma,Limited,Silver,2011,2019-05-01,2020-03-11,49543,24839,East,Dealer_10,JT478251
RAV4,XLE,Black,2015,2020-03-01,2021-01-21,40144,39487,East,Dealer_26,JT824211
Highlander,SE,Gray,2019,2019-11-23,2020-08-23,39654,34102,North,Dealer_26,JT806533
Tacoma,LE,Black,2022,2019-08-01,2020-06-06,21279,47155,East,Dealer_45,JT823825
4Runner,Base,White,2019,2021-05-02,2021-11-11,48762,45265,West,Dealer_38,JT807896
Corolla,LE,Blue,2019,2020-12-19,2021-08-22,45685,20620,West,Dealer_7,JT514184
RAV4,SE,Green,2016,2021-09-15,2021-12-25,37413,33337,South,Dealer_48,JT943726
RAV4,LE,Green,2022,2021-03-15,2021-12-20,36493,44247,South,Dealer_11,JT417358
Camry,XLE,Gray,2015,2021-01-18,2021-08-15,44654,38936,East,Dealer_5,JT191892
Highlander,SE,White,2010,2021-07-17,2022-03-05,23850,19989,South,Dealer_24,JT231165
4Runner,Limited,Black,2020,2021-06-16,2021-07-27,23053,29826,East,Dealer_13,JT241677
Tacoma,XLE,White,2014,2020-01-07,2020-11-04,35802,36285,North,Dealer_22,JT114549
Tacoma,LE,Red,2022,2020-10-31,2021-08-18,41606,42362,North,Dealer_13,JT300070
Prius,SE,Gray,2017,2020-03-11,2021-02-16,24270,47177,North,Dealer_39,JT217348
RAV4,XLE,Red,2017,2023-05-15,2023-06-11,49556,31629,North,Dealer_26,JT955604
Highlander,LE,Blue,2013,2021-01-04,2021-10-31,39774,44936,West,Dealer_8,JT116656
Highlander,SE,White,2015,2022-06-06,2022-12-11,37671,30093,North,Dealer_15,JT829842
Highlander,Base,White,2018,2019-03-01,2019-11-26,47116,44025,North,Dealer_28,JT297364
Prius,XSE,White,2016,2023-08-18,2023-11-02,20039,41213,West,Dealer_47,JT128117
Camry,Limited,White,2016,2021-08-27,2022-03-31,49391,19910,East,Dealer_32,JT319393
Tacoma,LE,Blue,2012,2022-10-18,2023-05-14,45390,44989,South,Dealer_18,JT604487
Highlander,Base,Black,2020,2022-04-23,2023-01-03,42235,38215,East,Dealer_49,JT780130
4Runner,LE,Silver,2019,2023-01-29,2023-02-01,41274,26710,East,Dealer_46,JT252205
4Runner,XSE,Blue,2020,2019-09-25,2020-09-19,34139,35334,South,Dealer_50,JT781301
Prius,XSE,Black,2016,2020-05-04,2021-01-09,37106,19332,North,Dealer_38,JT353524
Camry,XLE,Green,2011,2020-06-28,2021-02-11,33784,42061,North,Dealer_38,JT556957
Prius,Limited,Gray,2022,2019-08-20,2020-08-07,32136,20306,North,Dealer_18,JT982995
Corolla,Limited,Black,2019,2022-02-23,2023-01-23,48666,45343,North,Dealer_49,JT756470
RAV4,LE,Gray,2014,2020-10-08,2021-04-22,21423,27958,South,Dealer_42,JT999876
Tacoma,XSE,Green,2022,2021-06-21,2022-05-08,42860,20553,North,Dealer_26,JT928387
Prius,Limited,Black,2013,2019-04-05,2020-03-10,37361,25074,North,Dealer_23,JT664744
Prius,SE,White,2021,2019-05-10,2020-03-15,34056,35022,North,Dealer_31,JT300188
Tacoma,Limited,Blue,2011,2020-06-19,2021-04-17,27519,21182,South,Dealer_43,JT190275
RAV4,LE,Green,2011,2021-05-25,2022-01-13,46289,21316,West,Dealer_39,JT415535
Corolla,Base,Black,2014,2020-10-05,2021-09-08,35798,41762,South,Dealer_26,JT907111
4Runner,Base,Silver,2012,2019-01-26,2020-01-24,45872,25569,North,Dealer_32,JT585936
4Runner,Limited,Silver,2016,2020-02-09,2021-01-20,45187,35421,South,Dealer_33,JT255362
Camry,XLE,Red,2021,2022-02-22,2023-01-03,32492,30626,East,Dealer_18,JT597013
Prius,XSE,Black,2022,2022-10-20,2023-05-27,31485,24208,East,Dealer_10,JT542372
RAV4,Base,Blue,2020,2021-12-10,2022-01-05,39301,24328,West,Dealer_50,JT122876
Camry,LE,White,2012,2022-09-09,2023-04-21,46365,35242,North,Dealer_30,JT222115
4Runner,LE,Red,2021,2023-01-20,2023-03-03,44293,39524,West,Dealer_7,JT274174
Camry,XSE,Black,2016,2022-03-26,2022-09-19,49748,26151,East,Dealer_8,JT259826
Camry,XSE,White,2015,2021-12-05,2022-06-30,44954,36678,West,Dealer_17,JT874668
Corolla,XSE,Blue,2015,2022-03-03,2022-09-02,47433,38490,East,Dealer_32,JT836727
Corolla,Base,Blue,2011,2020-04-03,2021-02-09,42829,23862,East,Dealer_32,JT566895
Camry,LE,Red,2011,2021-10-20,2022-10-03,38878,36298,South,Dealer_15,JT608608
Highlander,XSE,Red,2010,2022-03-06,2023-01-14,23201,42549,North,Dealer_41,JT594392
Tacoma,Base,Black,2014,2020-11-23,2021-07-07,33942,36289,East,Dealer_9,JT120581
4Runner,XSE,White,2017,2021-01-03,2021-11-29,24387,31604,North,Dealer_2,JT571351
4Runner,LE,Green,2015,2020-02-23,2021-01-15,28340,42448,West,Dealer_7,JT713654
Corolla,LE,Silver,2022,2021-10-15,2022-04-29,35634,21457,West,Dealer_48,JT354415
Highlander,XLE,White,2014,2022-12-05,2023-05-07,45095,43109,East,Dealer_4,JT311118
Highlander,Limited,Blue,2011,2021-03-24,2021-11-06,27618,38926,North,Dealer_5,JT409153
Prius,SE,Green,2012,2019-07-15,2020-03-01,49821,36892,East,Dealer_32,JT697091
Tacoma,LE,Blue,2011,2021-06-05,2021-07-29,48149,29729,East,Dealer_44,JT969742
Camry,SE,Green,2012,2020-04-29,2021-02-13,22746,40101,South,Dealer_2,JT974343
Prius,XLE,Black,2016,2022-08-24,2023-01-28,29282,33031,West,Dealer_12,JT510762
Prius,Limited,Silver,2017,2020-05-24,2021-04-02,39604,41021,North,Dealer_25,JT153395
Highlander,Base,Gray,2018,2021-09-13,2022-01-02,48729,39798,West,Dealer_39,JT450067
Highlander,Limited,Black,2018,2020-12-09,2021-09-19,37816,31994,South,Dealer_44,JT108256
Highlander,Limited,Blue,2018,2021-04-21,2022-01-05,33390,46928,West,Dealer_21,JT207650
Camry,Base,Green,2016,2020-11-22,2021-11-04,28447,21411,South,Dealer_10,JT761032
Camry,XLE,Blue,2011,2020-07-24,2021-03-29,26193,23466,West,Dealer_20,JT988803
Prius,XSE,White,2010,2021-02-27,2021-05-22,20179,43967,North,Dealer_40,JT847732
Prius,Limited,Silver,2011,2019-11-01,2020-10-18,43237,23911,South,Dealer_40,JT552762
Corolla,Limited,White,2015,2021-05-08,2022-02-19,44367,36021,West,Dealer_7,JT535878
4Runner,XLE,White,2018,2021-06-29,2022-03-17,45867,31158,South,Dealer_49,JT989838
4Runner,XSE,Black,2011,2022-02-17,2022-12-28,20233,34537,North,Dealer_5,JT619782
4Runner,Limited,White,2019,2020-04-24,2021-01-08,38939,29059,West,Dealer_43,JT872882
Corolla,Limited,Red,2019,2019-04-22,2020-04-08,37122,39546,East,Dealer_49,JT706770
4Runner,XSE,Red,2022,2019-01-24,2019-11-24,23861,23183,North,Dealer_34,JT724783
Highlander,LE,White,2015,2022-03-06,2022-08-10,37031,35494,North,Dealer_50,JT866591
Camry,Base,Silver,2023,2019-11-18,2020-08-01,20235,37658,North,Dealer_32,JT681230
Camry,LE,White,2016,2020-12-21,2021-11-01,32288,32516,North,Dealer_30,JT404899
4Runner,Base,Blue,2010,2020-12-26,2021-11-29,41448,29544,East,Dealer_13,JT138815
Prius,Base,Blue,2014,2021-04-29,2021-08-19,26731,47572,West,Dealer_19,JT611177
Tacoma,Limited,Silver,2016,2023-04-28,2023-10-11,42536,28326,North,Dealer_43,JT519095
Highlander,Base,Black,2016,2021-10-12,2021-10-13,46354,36025,West,Dealer_32,JT609713
Corolla,SE,Red,2022,2023-11-16,2023-11-29,30351,28638,South,Dealer_32,JT638292
Tacoma,XSE,Red,2011,2019-12-05,2020-08-15,33397,45684,North,Dealer_33,JT719749
Camry,XSE,Black,2021,2019-06-03,2020-05-24,31870,30180,North,Dealer_17,JT859813
4Runner,SE,White,2018,2020-02-27,2020-12-02,23492,31511,West,Dealer_35,JT741199
Corolla,XSE,Silver,2013,2021-10-03,2022-06-26,25071,43040,East,Dealer_22,JT811634
Highlander,XLE,Green,2019,2020-10-18,2021-07-31,33961,38750,South,Dealer_35,JT956360
Camry,XSE,Gray,2018,2020-05-08,2021-02-28,41350,32109,East,Dealer_35,JT611601
4Runner,XSE,Gray,2012,2020-11-08,2021-08-18,39181,45071,West,Dealer_2,JT343170
Highlander,XSE,White,2020,2020-07-23,2021-06-05,28311,41785,North,Dealer_49,JT848987
Prius,Base,Black,2016,2019-04-14,2020-01-16,28562,28598,West,Dealer_3,JT163653
Tacoma,LE,Silver,2012,2021-11-04,2022-07-02,48015,37936,West,Dealer_28,JT653971
Tacoma,XLE,Red,2012,2020-04-01,2021-01-20,37567,25887,West,Dealer_8,JT119943
Tacoma,XSE,Green,2014,2022-02-01,2022-10-05,33879,36453,West,Dealer_25,JT542503
RAV4,XLE,Red,2014,2022-08-10,2023-01-15,38503,35879,North,Dealer_29,JT704402
4Runner,Base,White,2014,2021-02-14,2021-09-24,31981,25009,South,Dealer_21,JT431192
Highlander,XLE,Blue,2017,2020-12-25,2021-04-05,40050,30290,North,Dealer_25,JT680130
Tacoma,XLE,Black,2012,2022-10-01,2023-08-01,29029,43090,West,Dealer_29,JT166595
4Runner,SE,Gray,2011,2020-03-18,2020-04-26,42302,36030,West,Dealer_30,JT380859
Prius,Base,Black,2012,2019-06-11,2019-12-22,33023,42398,North,Dealer_3,JT779792
Tacoma,XSE,Green,2016,2020-04-25,2020-12-11,44738,26325,East,Dealer_3,JT537400
Highlander,LE,White,2014,2021-04-21,2021-06-28,26674,29796,East,Dealer_12,JT596330
4Runner,LE,Black,2016,2023-05-17,2023-06-29,33540,32824,East,Dealer_36,JT222621
Tacoma,LE,Red,2014,2021-03-24,2022-03-19,38091,32663,West,Dealer_43,JT618823
Highlander,LE,White,2017,2020-02-10,2020-10-23,45683,31011,North,Dealer_50,JT752944
Camry,XSE,Red,2022,2019-06-30,2020-05-11,38270,18006,North,Dealer_20,JT777568
Prius,LE,Silver,2011,2022-09-05,2023-03-30,35809,41799,East,Dealer_46,JT463608
4Runner,Base,Silver,2015,2020-01-02,2020-11-24,25856,19135,East,Dealer_11,JT570103
Highlander,Base,Blue,2014,2021-07-04,2021-11-10,32131,27321,North,Dealer_32,JT831396
Highlander,XLE,Black,2013,2020-10-09,2021-08-30,38320,37521,West,Dealer_28,JT557420
RAV4,SE,Silver,2021,2019-09-01,2020-05-25,38183,18534,East,Dealer_9,JT121817
4Runner,Limited,Black,2020,2020-09-24,2021-04-05,35851,34961,South,Dealer_20,JT269170
Camry,LE,Red,2017,2021-11-28,2022-07-18,28315,22426,South,Dealer_46,JT402001
4Runner,Limited,White,2019,2020-12-29,2021-10-30,30048,47174,North,Dealer_25,JT861485
Prius,Limited,Silver,2019,2019-02-06,2020-01-02,38928,27890,West,Dealer_32,JT301537
RAV4,Limited,White,2013,2019-07-30,2020-05-01,31283,18215,South,Dealer_49,JT592034
4Runner,XLE,Green,2017,2020-02-14,2020-09-10,45368,27841,East,Dealer_8,JT460550
4Runner,Base,Silver,2011,2020-10-29,2021-04-24,43117,25270,West,Dealer_37,JT559392
Tacoma,LE,Black,2012,2019-03-15,2020-01-08,33045,25039,North,Dealer_44,JT343377
Highlander,XSE,Green,2014,2022-02-15,2023-01-15,44110,46040,East,Dealer_32,JT632294
Prius,XLE,Silver,2010,2020-10-17,2021-06-09,24524,28318,West,Dealer_43,JT330374
Camry,Base,Gray,2016,2019-01-01,2019-10-24,48016,18711,North,Dealer_36,JT716204
RAV4,XSE,Silver,2015,2022-12-13,2023-08-19,48305,43281,West,Dealer_44,JT818247
Highlander,Base,Red,2023,2019-07-06,2020-05-10,41603,44933,South,Dealer_35,JT455627
Corolla,LE,Blue,2019,2020-05-28,2021-03-01,23902,40600,South,Dealer_37,JT731347
Prius,XLE,Red,2016,2022-02-04,2022-05-22,44504,44946,North,Dealer_31,JT994911
RAV4,Limited,White,2022,2022-06-21,2023-03-18,27529,27042,South,Dealer_31,JT983390
Camry,XLE,Black,2023,2022-07-29,2023-02-22,34634,36142,North,Dealer_36,JT849940
RAV4,XLE,Green,2015,2020-09-15,2021-06-18,45660,34753,South,Dealer_11,JT788870
RAV4,LE,Black,2017,2023-04-15,2023-12-28,42915,36229,West,Dealer_33,JT591223
RAV4,Limited,Silver,2015,2020-07-25,2021-03-17,25301,36699,West,Dealer_4,JT237529
Tacoma,Limited,Black,2016,2021-11-20,2022-02-25,23285,36730,North,Dealer_26,JT407645
Corolla,SE,Green,2023,2020-02-28,2020-12-04,27027,23069,East,Dealer_17,JT858115
Camry,SE,Blue,2023,2021-10-22,2022-09-02,36657,21089,West,Dealer_32,JT845941
Camry,Base,Blue,2023,2020-10-06,2021-06-07,33125,19236,West,Dealer_38,JT509333
Camry,XSE,Silver,2020,2020-11-18,2021-07-23,45758,33085,North,Dealer_25,JT537110
Highlander,SE,Silver,2019,2020-11-29,2021-09-06,31089,29654,North,Dealer_40,JT973548
Prius,LE,White,2012,2021-01-14,2021-11-20,46242,23115,East,Dealer_44,JT805804
Camry,XLE,Silver,2014,2022-09-24,2023-08-18,38041,22535,North,Dealer_23,JT784196
Prius,Limited,Red,2015,2019-04-22,2020-03-04,40120,26683,East,Dealer_50,JT870267
Camry,XLE,Red,2019,2021-10-11,2022-09-05,42841,30028,North,Dealer_19,JT477755
Corolla,LE,Red,2021,2020-04-01,2020-12-22,42431,47151,West,Dealer_21,JT934637
Highlander,XLE,Blue,2013,2023-09-26,2023-12-19,43160,37076,North,Dealer_4,JT595268
Highlander,Limited,Gray,2017,2021-07-19,2022-05-08,21705,26187,South,Dealer_2,JT938603
RAV4,SE,Black,2015,2020-11-10,2021-08-14,25267,25634,West,Dealer_38,JT985555
Tacoma,XSE,Green,2012,2022-02-21,2022-10-16,32750,26396,South,Dealer_3,JT269896
Highlander,Limited,White,2016,2021-12-31,2022-08-26,40836,44577,South,Dealer_9,JT752048
Highlander,Limited,Silver,2015,2021-04-02,2021-11-12,20173,27840,North,Dealer_24,JT317273
Corolla,Limited,White,2014,2022-05-13,2023-01-18,46357,21011,North,Dealer_23,JT396177
Camry,Base,Blue,2021,2021-08-26,2022-06-24,22984,36693,South,Dealer_48,JT824248
4Runner,Base,Silver,2021,2020-12-25,2021-08-30,46976,31100,West,Dealer_38,JT885650
Highlander,Limited,Silver,2020,2022-02-13,2022-09-07,24762,36647,North,Dealer_2,JT190378
Highlander,LE,Blue,2017,2021-01-14,2021-09-20,35455,25124,West,Dealer_49,JT799459
4Runner,Limited,Black,2019,2023-01-06,2023-11-11,39668,42060,North,Dealer_41,JT606346
Tacoma,Base,Silver,2022,2021-07-15,2021-08-26,34266,20529,South,Dealer_22,JT235367
Prius,Base,Black,2013,2019-08-22,2020-03-05,22888,41710,South,Dealer_25,JT281708
Corolla,XLE,Blue,2015,2019-07-19,2020-04-09,22099,28639,North,Dealer_7,JT309174
4Runner,LE,White,2016,2020-01-04,2020-10-27,28620,43981,South,Dealer_28,JT263907
4Runner,SE,Silver,2014,2022-09-11,2023-04-26,27266,33811,North,Dealer_23,JT735173
Tacoma,XLE,Gray,2023,2020-03-30,2021-03-26,32151,23665,East,Dealer_23,JT616094
Highlander,Base,Green,2022,2019-01-05,2019-10-23,22622,33999,North,Dealer_27,JT205805
Highlander,XLE,Black,2016,2020-11-30,2021-09-02,39956,45056,West,Dealer_23,JT932026
Corolla,XLE,Silver,2015,2020-03-07,2020-12-28,21237,47459,South,Dealer_4,JT536191
RAV4,XLE,Black,2011,2021-01-07,2021-11-24,43740,40596,North,Dealer_43,JT617708
RAV4,LE,Silver,2019,2022-07-21,2023-05-18,32593,41030,North,Dealer_16,JT418402
4Runner,SE,Green,2013,2021-10-13,2022-08-20,33128,36881,North,Dealer_16,JT346120
Highlander,SE,Silver,2019,2020-08-20,2021-07-26,40118,44853,West,Dealer_16,JT319606
4Runner,Limited,Silver,2018,2021-03-28,2022-01-26,41501,47742,South,Dealer_42,JT683879
4Runner,Base,White,2012,2021-12-05,2022-10-04,37072,21124,North,Dealer_20,JT149334
Highlander,XSE,Gray,2020,2021-02-04,2021-10-15,29387,37504,South,Dealer_38,JT119011
Tacoma,LE,Silver,2022,2020-08-01,2021-05-14,43317,39045,West,Dealer_6,JT476215
Prius,SE,Black,2018,2019-08-06,2020-05-23,39577,27843,East,Dealer_45,JT373477
Prius,Base,White,2010,2019-04-04,2020-01-09,21882,19224,West,Dealer_5,JT474387
Tacoma,Base,Green,2021,2019-12-03,2020-11-21,45349,41946,East,Dealer_20,JT809810
4Runner,LE,Red,2017,2020-06-08,2021-02-05,46877,44487,North,Dealer_8,JT266309
Tacoma,LE,Black,2021,2019-10-15,2020-07-24,25743,36883,South,Dealer_22,JT283201
Camry,Base,Black,2013,2021-12-11,2022-10-11,40981,30502,East,Dealer_11,JT968167
Highlander,Limited,Gray,2017,2021-10-16,2022-05-29,36199,20571,South,Dealer_2,JT627935
Camry,SE,Red,2022,2020-12-09,2021-09-06,34384,43563,North,Dealer_35,JT133522
RAV4,XSE,White,2014,2023-01-17,2023-07-26,20350,19832,South,Dealer_21,JT946007
Highlander,XSE,Silver,2023,2020-06-30,2021-04-18,26609,43260,East,Dealer_3,JT166758
Highlander,XSE,Black,2021,2019-08-08,2020-06-22,47871,28957,North,Dealer_30,JT454140
Corolla,XLE,Green,2011,2020-06-04,2021-04-04,41524,29400,North,Dealer_43,JT551538
Highlander,SE,Gray,2023,2022-06-05,2023-01-02,46342,46829,East,Dealer_28,JT219505
RAV4,XLE,Green,2023,2020-02-06,2020-12-28,36978,44776,South,Dealer_37,JT747561
Prius,XLE,Gray,2022,2020-01-20,2020-11-13,29371,32231,West,Dealer_33,JT337701
Prius,Base,Gray,2022,2019-09-05,2020-01-24,26381,31648,South,Dealer_27,JT226550
4Runner,XLE,Red,2016,2021-06-27,2022-04-02,21101,46437,East,Dealer_18,JT689280
Highlander,Limited,Silver,2020,2021-03-05,2021-03-15,45688,21949,South,Dealer_2,JT334981
Prius,Limited,White,2017,2020-03-17,2020-10-21,39644,46501,West,Dealer_45,JT609990
Camry,LE,Black,2012,2021-07-25,2022-05-04,36729,43244,South,Dealer_31,JT370346
4Runner,LE,Gray,2020,2020-05-18,2021-03-10,36902,25429,North,Dealer_38,JT456855
Highlander,SE,Green,2014,2021-12-18,2022-09-03,42886,42499,South,Dealer_2,JT923012
Camry,SE,Green,2013,2020-01-26,2020-10-02,27591,39390,North,Dealer_21,JT472497
Tacoma,Limited,Silver,2014,2020-08-09,2021-05-30,40158,45835,West,Dealer_25,JT906747
Tacoma,LE,Silver,2020,2020-01-03,2020-11-23,25553,37736,South,Dealer_37,JT148943
Corolla,Base,Blue,2012,2019-08-09,2020-04-08,42086,18374,North,Dealer_25,JT907503
Highlander,LE,Gray,2021,2022-03-01,2022-09-15,21181,38771,West,Dealer_21,JT684080
Tacoma,XLE,Red,2016,2021-04-28,2021-11-21,31787,43474,North,Dealer_37,JT380484
Tacoma,XSE,Silver,2022,2019-04-06,2020-01-13,27839,38715,North,Dealer_7,JT258522
Prius,Base,White,2016,2020-12-06,2021-09-28,41463,30533,North,Dealer_32,JT994863
Corolla,XSE,Blue,2011,2022-04-27,2023-01-04,20009,19773,South,Dealer_7,JT823659
Corolla,XSE,Silver,2017,2022-10-06,2022-10-08,25159,27987,North,Dealer_45,JT640422
Prius,Limited,Gray,2019,2022-02-14,2022-04-20,22845,35182,East,Dealer_44,JT733643
Highlander,XSE,Gray,2017,2019-09-10,2020-06-13,29041,19349,West,Dealer_14,JT802006
Camry,XSE,Silver,2019,2023-01-23,2023-05-01,45548,28463,West,Dealer_22,JT209200
4Runner,XLE,Green,2016,2021-07-11,2022-02-07,33088,35692,South,Dealer_32,JT840719
Highlander,SE,Green,2018,2020-07-26,2021-07-25,31571,36511,South,Dealer_33,JT152871
Camry,Limited,White,2018,2022-09-08,2022-09-10,41943,22901,South,Dealer_49,JT559094
Corolla,LE,Blue,2023,2022-04-21,2023-03-29,32948,28709,East,Dealer_43,JT937798
RAV4,XLE,Green,2021,2021-10-29,2022-09-27,33285,34462,West,Dealer_22,JT579341
Highlander,XSE,Gray,2016,2019-10-03,2020-07-28,39204,40864,West,Dealer_11,JT982478
RAV4,LE,Blue,2018,2021-04-06,2021-10-18,26563,25235,South,Dealer_40,JT892476
Camry,XLE,Red,2010,2019-01-09,2019-12-20,36965,23019,South,Dealer_20,JT216319
Highlander,Base,Silver,2022,2021-12-22,2022-07-13,20503,19655,North,Dealer_24,JT211035
RAV4,Base,Gray,2015,2020-05-30,2021-04-26,44147,40073,South,Dealer_28,JT919621
RAV4,Limited,Red,2021,2019-04-10,2020-03-09,43056,41972,West,Dealer_13,JT740231
4Runner,XSE,Blue,2022,2021-08-26,2022-02-07,22248,30873,North,Dealer_32,JT739270
Highlander,Limited,Red,2018,2020-02-11,2020-10-08,22954,32601,East,Dealer_41,JT920150
RAV4,Base,White,2019,2021-10-14,2022-09-29,38009,42669,East,Dealer_5,JT206816
4Runner,XLE,Black,2020,2021-06-18,2022-04-13,29322,37501,West,Dealer_35,JT963617
4Runner,LE,White,2011,2020-08-02,2021-02-23,43794,36849,North,Dealer_14,JT689795
Highlander,SE,Blue,2011,2020-05-31,2021-02-18,47189,34538,South,Dealer_19,JT144008
RAV4,XSE,White,2022,2021-12-01,2022-08-25,38321,20951,South,Dealer_17,JT631948
4Runner,Limited,Gray,2013,2019-12-29,2020-12-14,49983,25277,North,Dealer_4,JT210531
Corolla,LE,Blue,2020,2022-02-07,2022-11-17,39101,32153,North,Dealer_20,JT275160
Highlander,LE,White,2020,2020-11-25,2021-07-28,31406,27495,East,Dealer_37,JT760525
Corolla,SE,Silver,2015,2019-12-22,2020-06-02,31386,43767,South,Dealer_26,JT223794
Prius,XLE,Green,2012,2023-01-25,2023-02-05,46722,30921,West,Dealer_15,JT315363
Tacoma,SE,Silver,2020,2020-07-09,2021-04-14,29060,22850,South,Dealer_40,JT479205
Corolla,SE,White,2019,2019-09-20,2020-06-11,27415,22331,East,Dealer_48,JT264660
RAV4,XLE,Green,2010,2019-08-01,2020-07-08,39869,29015,North,Dealer_6,JT863729
Camry,XLE,Green,2019,2021-03-04,2021-12-05,26374,20704,South,Dealer_46,JT406313
Prius,XLE,Gray,2020,2022-09-08,2022-09-15,34901,33592,North,Dealer_38,JT842563
Corolla,LE,Gray,2020,2022-05-14,2023-02-27,33236,36724,South,Dealer_7,JT562965
4Runner,LE,Red,2020,2020-03-04,2020-11-30,38838,42422,West,Dealer_38,JT898977
Prius,XSE,Gray,2016,2022-06-02,2023-03-09,20152,19615,West,Dealer_22,JT630471
Corolla,Base,Blue,2022,2020-10-21,2021-10-04,28555,35961,South,Dealer_18,JT622600
4Runner,XSE,Silver,2015,2020-12-03,2021-10-29,25735,31080,South,Dealer_5,JT868136
Corolla,SE,Blue,2022,2023-05-28,2023-12-11,33340,26603,North,Dealer_37,JT204117
Camry,SE,Silver,2016,2021-02-26,2021-10-18,36588,20787,North,Dealer_34,JT261790
Camry,XSE,Black,2011,2020-11-17,2021-05-07,23488,31058,East,Dealer_31,JT778526
4Runner,Limited,Gray,2010,2020-04-19,2021-01-02,38305,34443,East,Dealer_28,JT481405
Corolla,Base,White,2011,2020-07-26,2021-05-04,22371,32237,South,Dealer_14,JT450861
Tacoma,SE,Silver,2014,2021-11-09,2022-07-26,36487,43356,West,Dealer_23,JT958952
Camry,Limited,White,2013,2020-05-23,2021-02-24,29642,40867,East,Dealer_5,JT244464
Camry,Limited,Black,2018,2020-07-14,2021-01-24,31140,22272,East,Dealer_42,JT228957
Camry,Base,Blue,2021,2021-03-25,2021-10-06,23834,42970,West,Dealer_20,JT989816
Highlander,XLE,White,2018,2020-12-03,2021-12-01,46310,22419,North,Dealer_33,JT311697
Prius,LE,Silver,2018,2020-08-25,2021-06-20,36819,33758,North,Dealer_20,JT560438
Corolla,XSE,Black,2019,2021-07-16,2022-04-14,28444,36327,North,Dealer_28,JT535945
Tacoma,Base,Silver,2021,2021-06-27,2022-03-01,48708,24491,South,Dealer_43,JT906584
Camry,LE,Black,2019,2019-10-01,2020-09-26,37626,33986,South,Dealer_35,JT906389
Highlander,XSE,Gray,2013,2019-10-10,2020-09-04,46645,30953,North,Dealer_21,JT106907
Prius,LE,Green,2017,2021-04-25,2021-09-01,45997,39372,West,Dealer_13,JT357232
RAV4,XSE,Green,2015,2021-05-01,2021-11-08,38838,36721,North,Dealer_27,JT975365
4Runner,LE,Gray,2016,2020-07-15,2021-05-02,28196,24425,North,Dealer_26,JT948450
RAV4,XLE,Gray,2017,2020-04-11,2021-03-14,42747,36388,South,Dealer_17,JT596672
Camry,Limited,Gray,2022,2022-03-15,2023-03-13,34508,38184,West,Dealer_40,JT457900
Tacoma,XSE,Green,2020,2021-11-15,2022-07-16,32356,42106,East,Dealer_33,JT400687
Tacoma,Limited,Gray,2019,2020-09-04,2021-06-24,38453,35178,West,Dealer_30,JT629554
Prius,XSE,Black,2021,2022-10-02,2023-09-23,35847,26068,South,Dealer_43,JT279581
Prius,Base,Silver,2018,2020-11-10,2021-07-20,45230,25940,East,Dealer_49,JT189374
Corolla,Base,White,2012,2020-04-21,2021-03-10,27971,20347,South,Dealer_36,JT378937
4Runner,XSE,Blue,2015,2022-01-08,2022-12-04,44820,26724,North,Dealer_12,JT490527
4Runner,XLE,Blue,2010,2020-01-08,2020-10-04,31130,43453,East,Dealer_2,JT849941
Camry,LE,Black,2017,2022-05-25,2022-12-28,45414,32092,South,Dealer_41,JT891512
RAV4,XSE,Silver,2011,2020-06-28,2021-05-16,35035,28597,North,Dealer_46,JT535168
Corolla,LE,Black,2014,2021-08-26,2022-02-07,42334,40437,South,Dealer_34,JT478162
Tacoma,XLE,Blue,2016,2022-07-19,2023-02-17,35096,36874,West,Dealer_12,JT760016
Corolla,SE,Black,2011,2020-03-21,2021-01-15,49377,20935,South,Dealer_37,JT797298
RAV4,Limited,Green,2011,2020-02-16,2020-12-08,39229,21687,West,Dealer_32,JT357374
Tacoma,XSE,Black,2023,2020-03-05,2021-01-05,48246,40011,South,Dealer_14,JT258975
Prius,Base,Gray,2021,2021-02-12,2021-10-23,20896,31552,North,Dealer_43,JT889794
Highlander,XLE,Blue,2012,2020-07-17,2021-05-13,35793,31878,West,Dealer_48,JT890109
Highlander,LE,Gray,2015,2020-02-22,2020-08-18,23809,29969,West,Dealer_30,JT655378
Prius,XSE,Gray,2014,2021-02-27,2022-01-02,28448,29413,North,Dealer_18,JT542207
Camry,LE,White,2015,2020-12-08,2020-12-15,22213,24241,West,Dealer_41,JT925455
Corolla,SE,Black,2017,2022-10-09,2023-07-31,32539,28509,South,Dealer_35,JT339266
Tacoma,XSE,White,2022,2019-09-29,2020-09-09,40763,29289,South,Dealer_40,JT244697
Prius,Limited,Black,2013,2020-06-16,2021-04-19,45842,37460,West,Dealer_50,JT940715
4Runner,XSE,Silver,2018,2022-08-24,2022-08-27,27221,39476,South,Dealer_28,JT549653
Prius,Limited,Green,2017,2019-12-31,2020-08-24,42181,18793,West,Dealer_37,JT533491
Camry,LE,Gray,2015,2021-09-23,2021-10-28,42976,43220,East,Dealer_47,JT529191
Corolla,XSE,Black,2017,2022-01-16,2022-03-25,27534,27988,South,Dealer_41,JT581037
Prius,XLE,Black,2011,2022-08-22,2022-11-22,46219,23546,West,Dealer_4,JT993796
4Runner,Base,Red,2017,2022-07-28,2022-09-28,30345,29459,South,Dealer_34,JT641228
RAV4,XLE,Silver,2021,2020-10-22,2021-10-10,33514,38192,East,Dealer_13,JT933206
4Runner,SE,Gray,2021,2021-06-26,2022-03-27,31570,44921,East,Dealer_24,JT815337
Prius,XLE,Silver,2017,2019-08-25,2020-07-05,36924,44306,South,Dealer_30,JT479347
Tacoma,SE,White,2015,2023-04-08,2023-08-07,37552,32490,East,Dealer_10,JT131208
4Runner,LE,White,2011,2020-12-22,2021-09-01,20318,38420,South,Dealer_16,JT564077
Corolla,Limited,Green,2014,2022-02-25,2022-03-04,42964,22778,North,Dealer_10,JT252656
4Runner,Base,Black,2010,2021-01-13,2021-09-10,47268,32433,North,Dealer_48,JT907562
Tacoma,LE,Green,2022,2022-01-29,2022-04-08,28629,19470,East,Dealer_44,JT110431
4Runner,Limited,Green,2021,2022-02-20,2022-03-14,28134,44809,South,Dealer_49,JT852485
Corolla,Limited,Blue,2011,2022-01-26,2022-09-28,29413,25650,North,Dealer_20,JT945411
RAV4,SE,Black,2010,2021-01-17,2022-01-06,23047,24543,West,Dealer_28,JT642479
Tacoma,XLE,Red,2023,2021-05-04,2021-12-02,33072,40457,West,Dealer_27,JT172961
Highlander,XLE,Black,2015,2020-04-01,2021-02-03,42075,30249,West,Dealer_21,JT188896
Prius,Base,Gray,2020,2021-06-23,2022-05-03,44536,23111,South,Dealer_5,JT454737
RAV4,Base,Red,2011,2022-06-19,2023-02-03,46904,42829,East,Dealer_41,JT430096
Corolla,SE,Black,2020,2021-12-29,2022-08-10,31206,41871,South,Dealer_14,JT521161
Tacoma,SE,White,2022,2020-08-08,2021-06-23,22491,45943,East,Dealer_27,JT909891
Prius,LE,Gray,2012,2021-04-08,2022-02-25,38171,20811,South,Dealer_18,JT272306
RAV4,SE,Black,2021,2021-07-04,2022-04-03,25848,21682,South,Dealer_19,JT555157
Corolla,XLE,Gray,2013,2021-05-15,2022-04-08,35615,42234,South,Dealer_42,JT164454
4Runner,SE,White,2018,2020-05-06,2021-02-21,30284,19787,North,Dealer_11,JT512369
Highlander,SE,Blue,2012,2019-01-27,2019-12-17,31584,25964,West,Dealer_17,JT896070
4Runner,Limited,Blue,2018,2021-12-06,2022-12-02,27161,38349,West,Dealer_44,JT138895
Highlander,SE,Green,2012,2019-08-07,2020-06-05,49304,22839,South,Dealer_39,JT792244
Corolla,Base,Silver,2015,2019-02-21,2019-11-04,38799,46467,West,Dealer_16,JT772625
Highlander,LE,Black,2018,2020-06-24,2021-02-19,28817,45277,West,Dealer_26,JT258284
RAV4,SE,Silver,2016,2019-10-25,2020-10-18,25989,44874,East,Dealer_16,JT702466
Prius,Base,Gray,2017,2019-04-19,2020-03-04,44450,27426,North,Dealer_8,JT160617
4Runner,XSE,Black,2013,2022-10-04,2023-01-13,42384,18450,West,Dealer_10,JT762288
Highlander,XSE,Blue,2022,2019-04-26,2020-01-25,49816,29248,South,Dealer_13,JT848022
Prius,Limited,Red,2016,2020-02-14,2020-12-01,26231,40734,South,Dealer_2,JT937886
Camry,Limited,Silver,2020,2020-06-30,2021-04-10,36351,44354,East,Dealer_16,JT792439
Highlander,XSE,Gray,2012,2023-02-07,2023-03-17,44153,21646,West,Dealer_20,JT645027
Camry,Base,Silver,2012,2020-05-04,2021-02-08,26542,27998,South,Dealer_30,JT410089
Prius,Limited,Blue,2020,2019-11-26,2020-08-28,27695,32747,South,Dealer_32,JT539673
Tacoma,Base,Blue,2020,2020-08-09,2021-05-19,44098,33439,North,Dealer_36,JT521530
Prius,Base,Red,2016,2022-05-07,2022-10-31,27931,18745,West,Dealer_28,JT813944
RAV4,Limited,Gray,2016,2020-05-28,2021-04-09,48598,28874,North,Dealer_28,JT834831